notes,filename,song_name,song_tracknum,source,url_recode,format (Harvard only),cost,notes,url_orig,source_first,widesample,deepsample,comments,type,family_name,language,dialect,level,culture listed?,culture,culture standardized,region,clade,family_code,prev_glottocode1,prev_glottocode2,prev_agree,pre_common_subfamily,pre_common_family,iso,type_secondary,unpublished,collector_name,collector_affil,collector_email,song_reason,song_label,song_info,song_lyrics,song_morenotes,audible_singer,easyhear,access,morenotes,ts,annotator
Permission denied,NHS2-0116.wav,Tangata Tagata Film 34,NA,Archive of Māori and Pacific Music,http://ampm.auckland.ac.nz/handle/id/78050,,,,http://ampm.auckland.ac.nz/handle/id/78050,Archive of Maori and Pacific Music (U of Auckland),0,1,,Play,Austronesian,tuva1244,,language,,Location: Tuvalu,Tuvalu,Australia,,aust1307,tuva1244,tuva1244,yes,yes,yes,tvl,No secondary function,No,,,,"There is text in associated ethnography that states what type of song this is (this could be in liner notes, it could be in an email from an anthropologist, etc)",Nukulaelae // LABEL FROM Archive of maori and Pacific Music (U of Auckland)//,"School children, song, schoolteacher, lagoon fishing, distribution of catch, chief, children eating// LABEL FROM Archive of maori and Pacific Music (U of Auckland)//",NA,,,,No,,12/19/2018 15:20:24,YJW
Permission denied,NHS2-1093.wav,Aloha Parade,NA,Archive of Māori and Pacific Music,http://ampm.auckland.ac.nz/handle/id/75872,,,,http://ampm.auckland.ac.nz/handle/id/75872,Archive of Māori and Pacific Music,0,1,,Procession,Austronesian,hawa1245,,language,,Hawaiians,Hawaiian,Polynesia,,aust1307,hawa1245,hawa1245,yes,yes,yes,haw,No secondary function,No,,,,The song is identified as such in its title or label,Aloha Parade //AMPM ACCESSION NUMBER C85/065.06//,NA,NA,,,,No,,########,DIS
Permission denied,NHS2-1094.wav,March of the Beachcombers,NA,Archive of Māori and Pacific Music,http://ampm.auckland.ac.nz/handle/id/75878,,,,http://ampm.auckland.ac.nz/handle/id/75878,Archive of Māori and Pacific Music,0,1,,Procession,Austronesian,hawa1245,,language,,Hawaiians,Hawaiian,Polynesia,,aust1307,hawa1245,hawa1245,yes,yes,yes,haw,No secondary function,No,,,,The song is identified as such in its title or label,March of the Beachcombers //AMPM ACCESSION NUMBER C85/065.11//,NA,NA,,,,No,,########,DIS
spoken,NHS2-1118.wav,Akateni,NA,Archive of Māori and Pacific Music,http://ampm.auckland.ac.nz/handle/id/86796,,,,http://ampm.auckland.ac.nz/handle/id/86796,Archive of Māori and Pacific Music,0,1,,Story,Austronesian,maor1246,,language,,Cook Islanders,Cook Islander,Polynesia,,aust1307,.,maor1246,no,.,.,#N/A,No secondary function,No,,,,"There is text in associated ethnography that states what type of song this is (this could be in liner notes, it could be in an email from an anthropologist, etc)",NA,"The following is a variant of the story of Koroki-Te-Matangi and Koroki-Te-Vananga who, according to the version published by Low, Marouna encountered at sea on his way back to Aitutaki from Mangaia //AMPM ACCESSION NUMBER 83/135.06c//",NA,,,,No,,4/16/2018 9:53:28,DIS
spoken,NHS2-1119.wav,Tateni,NA,Archive of Māori and Pacific Music,http://ampm.auckland.ac.nz/handle/id/86797,,,,http://ampm.auckland.ac.nz/handle/id/86797,Archive of Māori and Pacific Music,1,1,austro,Story,Austronesian,maor1246,,language,,Cook Islanders,Cook Islander,Polynesia,,aust1307,.,maor1246,no,.,.,#N/A,No secondary function,No,,,,"There is text in associated ethnography that states what type of song this is (this could be in liner notes, it could be in an email from an anthropologist, etc)",NA,Song relating to the story of Koroki-Te-Matangi and Koroki-Te-Vananga //AMPM ACCESSION NUMBER 83/135.06d//,NA,,,,No,,4/16/2018 9:54:46,DIS
"Only commentary, song audio is missing",NHS2-1122.wav,Log-hauling chant,NA,Archive of Māori and Pacific Music,http://ampm.auckland.ac.nz/handle/id/73042,,,,http://ampm.auckland.ac.nz/handle/id/73042,Archive of Māori and Pacific Music,0,1,,Work,Austronesian,maor1246,,language,,Maori,Maori,Polynesia,,aust1307,maor1246,maor1246,yes,yes,yes,mri,No secondary function,No,,,,The song is identified as such in its title or label,Log-hauling chant //AMPM ACCESSION NUMBER 91/133.04a//,NA,NA,,,,No,,########,DIS
all spoken,NHS2-1178.wav,talanoa,NA,Archive of Māori and Pacific Music,http://ampm.auckland.ac.nz/handle/id/58006,,,,http://ampm.auckland.ac.nz/handle/id/58006,Archive of Māori and Pacific Music,0,1,,Story,Austronesian,tong1325,,language,,Tongans,Tongan,Polynesia,,aust1307,tong1325,tong1326,no,yes,yes,ton,No secondary function,No,,,,"There is text in associated ethnography that states what type of song this is (this could be in liner notes, it could be in an email from an anthropologist, etc)",NA,Has spoken song text. Local story //AMPM ACCESSION NUMBER 74/034.06//,NA,continued here http://ampm.auckland.ac.nz/handle/id/58007,,,No,,4/16/2018 9:26:01,DIS
Repeat,NHS2-1245.wav,"Asthapadi, Bengali love poem by KP Sivaraman Pooduval",NA,British Library,,,,repeat of song listed below,https://sounds.bl.uk/World-and-traditional-music/Music-from-India/025M-RKDATX0066XX-0100V0,British Library,1,0,,Love,Dravidian,mala1464,,language,,Kerala,Kerala,South Asia,,drav1251,mala1464,sans1269,no,no,no,mal,Religious story,No,,,,The song is identified as such in its title or label,"Asthapadi, Bengali love poem //CODING ID RKDATX0066XX-01 RK DAT 66 IN BRITISH LIBRARY, RELEVANT TEXT IS IN THE TITLE//",NA,NA,METADATA: https://sounds.bl.uk/Item/ViewXmlFile/025M-RKDATX0066XX-0100V0,Yes,5,Yes,,########,NLR
"Instrumental, no singing. Harvard not included in the list for ""this item is accessible for UK Higher Education and Further Education institutions only"". BC is on there, as well as several other unis...maybe a collaborator or friend can help us?",NHS2-1269.wav,Traditional Pashto dance,NA,British Library,https://sounds.bl.uk/World-and-traditional-music/Nicholas-Pierce-Balochistan/025M-C0140X0019XX-0100V0,,,,https://sounds.bl.uk/World-and-traditional-music/Nicholas-Pierce-Balochistan/025M-C0140X0019XX-0100V0,British Library,0,1,,Dance,Indo-European,sout2642,,language,,Baluchi,Baloch,South Asia,indo1320,indo1319,indo1320,sira1271,no,no,yes,,No secondary function,No,,,,The song is identified as such in its title or label,"Traditional Pashto dance //CODING ID C140/19 IN BRITISH LIBRARY, RELEVANT TEXT IS IN THE TITLE//",NA,NA,,,,No,,8/22/2018 15:44:58,NLR
"Instrumental, no singing. Harvard not included in the list for ""this item is accessible for UK Higher Education and Further Education institutions only"". BC is on there, as well as several other unis...maybe a collaborator or friend can help us?",NHS2-1270.wav,Bugero (love song),NA,British Library,https://sounds.bl.uk/World-and-traditional-music/Nicholas-Pierce-Balochistan/025M-C0140X0017XX-0200V0,,,,https://sounds.bl.uk/World-and-traditional-music/Nicholas-Pierce-Balochistan/025M-C0140X0017XX-0200V0,British Library,0,1,,Love,Indo-European,sout2642,,language,,Baluchi,Baloch,South Asia,indo1320,indo1319,indo1320,sira1271,no,no,yes,,No secondary function,No,,,,The song is identified as such in its title or label,"Bugero (love song) //CODING ID C140/17 IN BRITISH LIBRARY, RELEVANT TEXT IS IN THE TITLE//",NA,NA,,,,No,,8/22/2018 15:27:51,NLR
"Instrumental, no singing. Harvard not included in the list for ""this item is accessible for UK Higher Education and Further Education institutions only"". BC is on there, as well as several other unis...maybe a collaborator or friend can help us?",NHS2-1273.wav,Laylati,NA,British Library,https://sounds.bl.uk/World-and-traditional-music/Nicholas-Pierce-Balochistan/025M-C0140X0003XX-0100V0,,,,https://sounds.bl.uk/World-and-traditional-music/Nicholas-Pierce-Balochistan/025M-C0140X0003XX-0100V0,British Library,0,1,,Work,Indo-European,sout2642,,language,,Baluchi,Baluchi,South Asia,indo1320,indo1319,indo1320,sira1271,no,no,yes,,No secondary function,No,,,,The song is identified as such in its title or label,"Laylati //CODING ID C140/3 IN BRITISH LIBRARY, RELEVANT TEXT IS IN THE TITLE//","Traditional tunes of Balochi goat herders //CODING ID C140/3 IN BRITISH LIBRARY, RELEVANT TEXT IS IN THE DESCRIPTION//",NA,,,,No,,8/22/2018 15:31:18,NLR
"can't find reasonably priced CD, all online resources elsewhere. BUT this CD looks like it's a classical performance, and probably should not have been included",NHS2-0471.wav,At The Corner of The Sky: Song of an Initiate (Huichol) -- Fervently (00:02:56),NA,CD purchase,https://www.amazon.com/Other-Voices-Vocal-Works-Wilson/dp/B004KRPG08/ref=sr_1_fkmr0_1?keywords=other+voices%3A+blank%2C+smit%2C+wilson&qid=1576169342&s=dmusic&sr=8-1-fkmr0,,$16.98,Cost includes $3.99 for shipping,http://www.worldcat.org/title/other-voices/oclc/1018457081&referer=brief_results,WorldCat,0,1,,Procession,Uto-Aztecan,huic1243,,language,,Huichol,Huichol,Central Mexico,,utoa1244,huic1243,huic1243,yes,yes,yes,hch,The type of event that the procession is associated with is an initiation,No,,,,The song is identified as such in its title or label,Procession Song// TITLE IN WORLDCAT//,NA,NA,,,,No,,8/28/2018 13:22:22,JAY
"Looks like it's orchestral. Tracked down CD 7479 from another song (""Passo pel prat""), but can not confirm that this CD has a song called ""Lullaby"" on it. Closest is ""pour l'enfant"". Compare with gofileme song.",NHS2-1708.wav,Lullaby,12,CD purchase,https://www.amazon.com/Canteloube-Songs-Auvergne-Chants-DAuvergne/dp/B00000DSED/ref=sr_1_14?keywords=Canteloube%3A+Chants+d%27Auvergne&qid=1579631371&s=music&sr=1-14,,$15.40,,http://gofile.me/3T2hs/bRdqoJdZF,"WorldCat, McGill Music library",0,1,,Lullaby,Indo-European,stan1290,,language,,Auvergne,French,Western Europe,ital1284,indo1319,stan1290,stan1290,yes,yes,yes,fra,No secondary function,No,,,,"The song is identified as such in its title or label, The lyrics made it clear to me what type of song this is",Lullaby //CD 7479 MCGILL MUSIC LIBRARY; INFO IN LINER NOTES//,NA,"""sleep, come to the child [...] sleep come now. Here it is. Here it comes, and the child is falling asleep . . . ah!""",,Yes,6,Yes,,########,KVL
"Looks like it's orchestral. Tracked down CD 7479 from another song (""Passo pel prat""), but can not confirm that this CD has a song called ""Lullaby"" on it. Closest is ""pour l'enfant"". Compare with gofileme song.",NHS2-1709.wav,LULLABY,16,CD purchase,https://www.amazon.com/Canteloube-Songs-Auvergne-Chants-DAuvergne/dp/B00000DSED/ref=sr_1_14?keywords=Canteloube%3A+Chants+d%27Auvergne&qid=1579631371&s=music&sr=1-14,,$15.40,,http://gofile.me/3T2hs/OuqnXT3KC,"WorldCat, Mcgill Music Library",0,1,,Lullaby,Indo-European,stan1290,,language,,Auvergne,French,Western Europe,ital1284,indo1319,stan1290,stan1290,yes,yes,yes,fra,No secondary function,No,,,,The song is identified as such in its title or label,Lullaby //CD 7479 MCGILL MUSIC LIBRARY; INFO IN LINER NOTES//,NA,NA,,Yes,6,Yes,,########,KVL
"Looks like it's orchestral. Can not confirm link is to correct album, but fairly certain",NHS2-1711.wav,The Cuckoo,19,CD purchase,https://www.amazon.com/Canteloube-Songs-Auvergne-Chants-DAuvergne/dp/B00000DSED/ref=sr_1_14?keywords=Canteloube%3A+Chants+d%27Auvergne&qid=1579631371&s=music&sr=1-14,,$15.40,,http://gofile.me/3T2hs/X4Eh0c606,"WorldCat, Mcgill Music library",0,1,,Praise,Indo-European,stan1290,,language,,Auvergne,French,Western Europe,ital1284,indo1319,stan1290,stan1290,yes,yes,yes,fra,No secondary function,No,,,,The lyrics made it clear to me what type of song this is,NA,NA,"""The cuckoo is a lovely bird, there is nothing more beautiful than a cuckoo when it is singing [... ] tell me? Haven't you heard the cuckoo sing?",,Yes,6,Yes,,########,KVL
Looks like it's orchestral.,NHS2-1704.wav,Passo Pel Prat,NA,CD purchase,https://www.discogs.com/sell/list?master_id=427492&ev=mb&format=CD,,$15.00,,http://gofile.me/3T2hs/Fgfwtj7h4,Mcgill Music library,0,1,,Love,Indo-European,stan1290,,language,,Auvergne,French,Western Europe,ital1284,indo1319,stan1290,stan1290,yes,yes,yes,fra,No secondary function,No,,,,The lyrics made it clear to me what type of song this is,NA,NA,"""""[...] we will talk, the two of us. Your love for me, pretty one is what brings me happiness"" //CD 7479 AT MCGILL MUSIC LIBRARY; INFO IN LINER NOTES//",,Yes,5,Yes,,########,KVL
"no audio file; LGY: CREM links to a Latin Crooners album, but the NHS2 corpus info says this song should be a lullaby. Not enough pieces of the puzzle to figure out what the right song is. (Crooners CD available at https://www.amazon.co.uk/Crooners-Sentimental-1930-1949-Argentine-Mexique/dp/B0049WMJWM)",NHS2-0493.wav,Has no title,"Disc 1 , Track 1",CREM,https://archives.crem-cnrs.fr/archives/items/11889/,,,No audio at CREM link,https://archives.crem-cnrs.fr/archives/items/11889/,CREM,0,1,,Lullaby,Indo-European,stan1288,,language,,Mexican,Mexican,Central Mexico,ital1284,indo1319,stan1288,.,no,.,.,spa,No secondary function,No,,,,The song is identified as such in its title or label,Lullaby//CODING ID CNRSMH_E_2000_021_008 IN CREM//,NA,NA,,,,No,,7/23/2018 18:13:19,JAY
"can not be acquired from CREM, can't track down on GJ",NHS2-1583.wav,Mythe De Krin-Lune,Item number 16-02,CREM,https://archives.crem-cnrs.fr/archives/items/1635/,,,,https://archives.crem-cnrs.fr/archives/items/1635/,CREM,1,0,,Story,Chonan,onaa1245,,language,,Ona,Selk'nam,Southern South America,,chon1288,onaa1245,onaa1245,yes,yes,yes,ona,No secondary function,No,,,,The song is identified as such in its title or label,"Myth //CODE BM.1968.039.001/24:16-02 IN CREM, RELEVANT TEXT IS IN THE DESCRIPTION FIELD//",NA,NA,,,,No,,########,SSG
"can not be acquired from CREM, can't track down on GJ",NHS2-1584.wav,Lola Raconte le Mythe de Yoshikaiutl,Item number 16-13,CREM,https://archives.crem-cnrs.fr/archives/items/1646/,,,,https://archives.crem-cnrs.fr/archives/items/1646/,CREM,1,0,,Story,Chonan,onaa1245,,language,,Ona,Selk'nam,Southern South America,,chon1288,onaa1245,onaa1245,yes,yes,yes,ona,No secondary function,No,,,,The song is identified as such in its title or label,"Myth //CODE BM.1968.039.001/24:16-13 IN CREM, RELEVANT TEXT IS IN THE DESCRIPTION FIELD//",NA,NA,,,,No,,########,SSG
"song appears to be incorrect, original source appears to be a music score",NHS2-0478.wav,Arrullo de muerte,NA,Direct download (non-Folkways,https://www.amazon.com/Flores-del-Viento-2013-Version/dp/B07T2PFWVL/ref=sr_1_3?keywords=Flores+del+viento+III&qid=1584478577&s=dmusic&sr=1-3,,$0.99,,http://www.worldcat.org/title/flores-del-viento-iii/oclc/948209748&referer=brief_results,WorldCat,1,0,,Lullaby,Otomanguean,mezq1235,,language,,Otomi,Otomi,Central Mexico,,otom1299,mezq1235,mezq1235,yes,yes,yes,ote,No secondary function,No,,,,The song is identified as such in its title or label,Lullaby Song// TITLE IN WORLDCAT//,NA,NA,The hyperlink provides a link to the material where the song can be found,,,No,,########,JAY
repeat of 1479,NHS2-1480.wav,Tisankhe lero,NA,Direct download (non-Folkways,,,,,http://greenstone.ilam.ru.ac.za/collect/ilam/index/assoc/D9903.dir/TR190-09.mp3,ILAM,0,1,,Play,Atlantic-Congo,nyan1308,,language,,Nyanja,Nyanja,Southern Africa,bant1294,atla1278,nucl1395,nyan1308,no,yes,yes,,No secondary function,No,,,,The song is identified as such in its title or label,"Singing games ; Indigenous Music ; Folk ; Clapping //ILAM IDENTIFIER TR190-09, KEYWORDS//","Translated English title - ""Choose now"". Further details refer to ILAM field card number: DX - 12a. //ILAM IDENTIFIER TR190-09, DESCRIPTION//",NA,,Yes,6,Yes,,5/22/2018 12:13:09,AMB
repeat of 0355,NHS2-0354.wav,Lullaby,"Disc 1, Track 32",Folkways track download,https://folkways.si.edu/louisa-sera-chompi/lullaby/american-indian-world/music/track/smithsonian,,$0.99,,https://folkways.si.edu/louisa-sera-chompi/lullaby/american-indian-world/music/track/smithsonian,"Global Jukebox, Smithsonian Folkways",1,0,,Lullaby,Quechuan,cusc1236,,language,,Runa; Q'ero; Quechua,Q'ero,Central Andes,,quec1387,.,quec1382,no,.,.,#N/A,No secondary function,No,http://www.folkways.si.edu/TrackDetails.aspx?itemid=28670,,,"The song is identified as such in its title or label, There is text in associated ethnography that states what type of song this is (this could be in liner notes, it could be in an email from an anthropologist, etc)",Lullaby (//CODING ID 2495 IN GLOBAL JUKEBOX IN THE SONG TITLE FIELD),"Lullaby; chi chi chi wawa (baby), that you might learn to work the potatoes, young one (//CODING ID 2495 IN GLOBAL JUKEBOX IN THE DESCRIPTION FIELD)",NA,,Yes,6,Yes,,8/17/2018 23:45:56,AMM
repeat of 0343,NHS2-0367.wav,Lullaby (One Woman),"Disc 1, Track 17",Folkways track download,http://www.folkways.si.edu/TrackDetails.aspx?itemid=33643,,$0.99,,https://folkways.si.edu/lullaby-one-woman/american-indian-world/music/track/smithsonian,Global Jukebox,1,0,,Lullaby,Aymaran,tupe1234,,family,,Aymara,Aymara,Central Andes,,ayma1253,ayma1253,ayma1253,yes,yes,yes,this is as specific as I can go without guessing,No secondary function,No,http://www.folkways.si.edu/TrackDetails.aspx?itemid=33643,,,"The song is identified as such in its title or label, The lyrics made it clear to me what type of song this is",Lullaby,"Lullaby; lyrics: If your father is getting drunk he'll come and beat us up, so go to sleep my little girl, I'll cover you with my blanket, go to sleep //GLOBAL JUKEBOX//","If your father is getting drunk he'll come and beat us up, so go to sleep my little girl, I'll cover you with my blanket, go to sleep",,Yes,6,Yes,,########,AMM
appears to be poetry,NHS2-0435.wav,Spells and Charms: Flower Feast Song (Aztec),Track 10,Folkways track download,https://folkways.si.edu/spells-and-charms-flower-feast-song-aztec/poetry/track/smithsonian,,$0.99,,https://folkways.si.edu/spells-and-charms-flower-feast-song-aztec/poetry/track/smithsonian,Smithsonian Folkways,1,1,uto,Praise,Uto-Aztecan,azte1234,,family,,Aztecs,Aztec,Central Mexico,,utoa1244,clas1250,azte1237,no,unknown,unknown,nci,No secondary function,No,,,,"The song is identified as such in its title or label, The lyrics made it clear to me what type of song this is","Praise Song//FOLKWAYS CATALOGUE # FW09802_110, LINER NOTES PAGE 4-5//",NA,"I seek flowers. I offer flowers. I arrange flowers. I thread a flower. I make flowers. I form them to be extending, uneven rounded, round bouquets of flowers //FOLKWAYS CATALOGUE # FW09802_110, LINER NOTES PAGE 4-5//",Link to Linear Notes: https://folkways-media.si.edu/liner_notes/folkways/FW09802.pdf,Yes,6,Yes,,########,JAY
"instrumental only, not sung",NHS2-0439.wav,Ayakachmitotia'-Rattle Dances: Koatl,Track 5,Folkways track download,https://folkways.si.edu/aztec-violinist-guitarist-male-dancers-with-rattles/ayakachmitotia-rattle-dances-koatl/american-indian-sacred-world/music/track/smithsonian,,$1.49,,https://folkways.si.edu/aztec-violinist-guitarist-male-dancers-with-rattles/ayakachmitotia-rattle-dances-koatl/american-indian-sacred-world/music/track/smithsonian,Smithsonian Folkways,0,1,,Dance,Uto-Aztecan,clas1250,,language,,Aztecs,Aztec,Central Mexico,,utoa1244,clas1250,azte1234,no,yes,yes,nci,No secondary function,No,,,,"The song is identified as such in its title or label, There is text in associated ethnography that states what type of song this is (this could be in liner notes, it could be in an email from an anthropologist, etc)","Dance Song//FOLKWAYS CATALOGUE # FW04358_202, LINER NOTES PAGE 7//","Koatl means snake in Nahuatl and is unusual in format from the other dances recorded here since the two parallel lines, the hallmark of the rattIe dances, are combined into one long line that symbolically imitates the movements of a snake as it proceeds back and forth in front of the image of Tonantsi//FOLKWAYS CATALOGUE # FW04358_202, LINER NOTES PAGE 7//",NA,Link to Linear Notes: https://folkways-media.si.edu/liner_notes/folkways/FW04358.pdf,,1,Yes,Only subsection of song (30 seconds) is available,########,JAY
"instrumental only, not sung",NHS2-0440.wav,Ayakachmitotia'-Rattle Dances: Ehtokani',Track 6,Folkways track download,https://folkways.si.edu/aztec-violinist-guitarist-male-dancers-with-rattles/ayakachmitotia-rattle-dances-ehtokani/american-indian-sacred-world/music/track/smithsonian,,$1.49,,https://folkways.si.edu/aztec-violinist-guitarist-male-dancers-with-rattles/ayakachmitotia-rattle-dances-ehtokani/american-indian-sacred-world/music/track/smithsonian,Smithsonian Folkways,0,1,,Dance,Uto-Aztecan,clas1250,,language,,Aztecs,Aztec,Central Mexico,,utoa1244,clas1250,azte1234,no,yes,yes,nci,No secondary function,No,,,,"The song is identified as such in its title or label, There is text in associated ethnography that states what type of song this is (this could be in liner notes, it could be in an email from an anthropologist, etc)","Dance Song//FOLKWAYS CATALOGUE # FW04358_203, LINER NOTES PAGE 7//","Ehtokani'is more typical of the rattle dances in general//FOLKWAYS CATALOGUE # FW04358_203, LINER NOTES PAGE 7//",NA,Link to Linear Notes: https://folkways-media.si.edu/liner_notes/folkways/FW04358.pdf,,1,Yes,Only subsection of song (30 seconds) is available,########,JAY
duplicate,NHS2-0527.wav,Chang Choon Pool Lo Chi Kog,NA,Folkways track download,https://folkways.si.edu/chang-choon-pool-lo-chi-kog-ah-ahk/world/music/track/smithsonian,,$0.99,,http://media.theglobaljukebox.org/audio/T5528R02.mp3,"Global Jukebox, Smithsonian Folkways",,,repeat of above,Praise,Koreanic,kore1280,,language,,Korean,Korean,East Asia,,kore1284,kore1280,kore1280,yes,yes,yes,kor,No secondary function,No,,,,"The song is identified as such in its title or label, There is text in associated ethnography that states what type of song this is (this could be in liner notes, it could be in an email from an anthropologist, etc)",Court music; song about leadership; praise song //CODING ID 8018 ON GLOBAL JUKEBOX,Court music honoring King Sejong of the Ye Dynasty //CODING ID 8018 ON GLOBAL JUKEBOX,NA //CODING ID 8018 ON GLOBAL JUKEBOX,,Yes,5,Yes,,########,MAK
"Duplicate; can't find track, possibly part of NHS2-0736?",NHS2-0737.wav,"Two old men singing, later in the same procession",102,Folkways track download,,,,"Duplicate of row above song ""Two Old Men Singing in Procession""",https://folkways.si.edu/music-of-guatemala-vol-2/american-indian-latin-world/album/smithsonian,Smithsonian Folkways,1,0,,Procession,Mayan,ixil1251,,language,,Ixil (not in HRAF),Ixil,Maya Area,,maya1287,ixil1251,ixil1251,yes,yes,yes,ixl,Fiesta de Nuestra Senora de Los Angeles,No,,,,"The song is identified as such in its title or label, There is text in associated ethnography that states what type of song this is (this could be in liner notes, it could be in an email from an anthropologist, etc)","Two old men singing, later in the same procession. //CATALOG NUMBER FW04213 / FE 4213 IN SMITHSONIAN FOLKWAYS, RELEVANT TEXT IN TRACK TITLE//","Circumstance of recording: Fiesta de Nuestra Senora De Los Angeles //CATALOG NUMBER FW04213 / FE 4213 IN SMITHSONIAN FOLKWAYS, RELEVANT TEXT IN LINER NOTES//",NA,,Yes,6,Yes,,########,SAT
repeat of 0885 - anotator and GJ both refer to one Suleimaniya love song but relevant cd actually has two. Could replace this track with second one.,NHS2-0889.wav,Sulaimaniya Love Song,NA,Folkways track download,https://folkways.si.edu/sulaimaniya-love-song/islamica-world/music/track/smithsonian,,$0.99,repeated above,http://media.theglobaljukebox.org/audio/T5482R42.mp3,"Global Jukebox, Smithsonian Folkways",0,1,,Love,Indo-European,cent1972,,language,,Azeri Kurds (Barzani),Kurdish,Middle East,indo1320,indo1319,kurd1259,nort2697,no,no,no,kur,No secondary function,No,,,,"The song is identified as such in its title or label, There is text in associated ethnography that states what type of song this is (this could be in liner notes, it could be in an email from an anthropologist, etc)","Love song // CODING ID 1038 IN GLOBAL JUKEBOX, RELEVANT TEXT IS IN THE DESCRIPTION FIELD//",Description: Love song from the Sulaimaniya area of Iraq // CODING ID 1038 IN GLOBAL JUKEBOX //,NA,,Yes,6,Yes,,########,SHJ
"repeat of ""Song of Valor"" (checked in liner notes)",NHS2-0900.wav,Rusho,NA,Folkways track download,https://folkways.si.edu/song-of-valor/islamica-world/music/track/smithsonian,,$0.99,,http://media.theglobaljukebox.org/audio/T5482R37.mp3,"Global Jukebox, Smithsonian Folkways",0,1,,Story,Indo-European,nort2641,,language,,Azeri Kurds,Kurdish,Middle East,indo1320,indo1319,kurd1259,nort2697,no,no,no,kur,No secondary function,No,,,,"The song is identified as such in its title or label, There is text in associated ethnography that states what type of song this is (this could be in liner notes, it could be in an email from an anthropologist, etc)","Topical song // CODING ID 2529 IN GLOBAL JUKEBOX, RELEVANT TEXT IS IN THE DESCRIPTION FIELD//","Description: Song describes Rusho, a strong man well known for valor // CODING ID 2529 IN GLOBAL JUKEBOX //",NA,,Yes,6,Yes,,########,SHJ
repeat,NHS2-0938.wav,Excerpt from shamanic healing ritual,"Disc 1, Track 25",Folkways track download,https://folkways.si.edu/alexander-davakai/excerpt-from-shamanic-healing-ritual/world/music/track/smithsonian,,$0.99,,https://folkways.si.edu/alexander-davakai/excerpt-from-shamanic-healing-ritual/world/music/track/smithsonian,Smithsonian Folkways,1,0,,Healing,Turkic,tuvi1240,,language,,Tuva (not in HRAF),Tuvan,North Asia,,turk1311,tuvi1240,tuvi1240,yes,yes,yes,tyv,No secondary function,No,,,,The song is identified as such in its title or label,NA,NA,NA,,Yes,4,Yes,Only very short vocals during the beginning and end of the excerpt,4/29/2018 8:52:47,PKH
"repeat of ""Squash dance""",NHS2-0983.wav,Huichol - Squash Dance,Track 10,Folkways track download,https://folkways.si.edu/huichol-singers-drummer/huichol-squash-dance/american-indian-world/music/track/smithsonian,,$0.99,,http://www.worldcat.org/oclc/862959234,Smithsonian Folkways,0,1,,Work,Uto-Aztecan,huic1243,,language,,Huichol,Huichol,Northern Mexico,,utoa1244,huic1243,huic1243,yes,yes,yes,hch,Dance,No,,,,"The song is identified as such in its title or label, There is text in associated ethnography that states what type of song this is (this could be in liner notes, it could be in an email from an anthropologist, etc)",NA,"Singing and dancing, an important fiesta to celebrate the ripening of the fruits' //IN LINER NOTES FROM PDF PAGE 6: https://folkways-media.si.edu/liner_notes/folkways/FW04413.pdf //",NA,,Yes,3,Yes,,7/23/2018 18:41:14,LOT
repeat,NHS2-1051.wav,El Patio de Mi casa,"Side 1, Band 7a",Folkways track download,https://folkways.si.edu/el-patio-de-mi-casa/tengo-una-muneca/childrens-latin-world/music/track/smithsonian,,$0.99,,https://folkways.si.edu/childrens-songs-and-games-from-ecuador-mexico-and-puerto-rico/latin-world/music/album/smithsonian,Smithsonian Folkways,0,1,,Play,Indo-European,stan1288,,language,,Ecuador,Ecuadoran,Northwestern South America,ital1284,indo1319,stan1288,stan1288,yes,yes,yes,spa,No secondary function,No,,,,"There is text in associated ethnography that states what type of song this is (this could be in liner notes, it could be in an email from an anthropologist, etc)","""El Patio de Mi Casa""//Liner Notes from the album ""Children's Songs and Games from Ecuador, Mexico, and Puerto Rico"" by Smithsonian Folkways","""Circle Game""//Liner Notes from the album ""Children's Songs and Games from Ecuador, Mexico, and Puerto Rico"" by Smithsonian Folkways",NA,,Yes,6,Yes,,11/13/2018 14:30:08,NLC
"repeat: included in ""Military Society: Hatuxka Lance Society / Wolf War Raid / Military Society: Horse Society / Story of the Wolf and the Scalped Man (medley)""",NHS2-1082.wav,Story Of The Wolf And The Scalped Man,"Band 5, d",Folkways track download,https://folkways.si.edu/mark-evarts/military-society-hatuxka-lance-society/wolf-war-raid/military-society-horse-society/story-of-the-wolf-and-the-scalped-man-medley/american-indian/music/track/smithsonian,,$0.99,repeat,https://folkways.si.edu/mark-evarts/military-society-hatuxka-lance-society/wolf-war-raid/military-society-horse-society/story-of-the-wolf-and-the-scalped-man-medley/american-indian/music/track/smithsonian,Smithsonian Folkways,1,0,,Story,Caddoan,pawn1254,,language,,Pawnee/ Skidi,Pawnee,Plains and Plateau,,cadd1255,pawn1254,pawn1254,yes,yes,yes,paw,No secondary function,No,,,,The song is identified as such in its title or label,"Story//SMITHSONIAN FOLKWAYS MUSIC OF THE PAWNEE, LINER NOTES PG 11 BAND 5, D//","A coyote or wolf story told only in the Winter.The incidents refer to the ""trickster"" character of the wolf//SMITHSONIAN FOLKWAYS MUSIC OF THE PAWNEE, LINER NOTES PG 11 BAND 5, D//","someone is probably in there, here they, willows, are not quite touching • (the bank), He is to bring water for me (the unseen being says)//SMITHSONIAN FOLKWAYS MUSIC OF THE PAWNEE, LINER NOTES PG 11 BAND 5, D//",,Yes,4,Yes,A Pawnee sang this song but there is no indication if it is technically a field recording,12/31/2018 22:35:29,SAS
repeat,NHS2-1196.wav,Verses from the Draumkvedet - The Vision of Heaven and Hell,"Disc 1, Track 14",Folkways track download,https://folkways.si.edu/gudrun-grave-norlund/verses-from-the-draumkvedet-the-vision-of-heaven-and-hell/world/music/track/smithsonian,,$0.99,,https://folkways.si.edu/gudrun-grave-norlund/verses-from-the-draumkvedet-the-vision-of-heaven-and-hell/world/music/track/smithsonian,Smithsonian Folkways,0,1,,Story,Indo-European,norw1258,,language,,Norwegian,Norwegian,Scandinavia,germ1287,indo1319,norw1258,norw1258,yes,yes,yes,nor,Dance,No,,,,"There is text in associated ethnography that states what type of song this is (this could be in liner notes, it could be in an email from an anthropologist, etc)",NA,NA,"A large number of the Kjempevise-melodier or ancient heroic ballads have been preserved in the Province of Telemark. The most famous of them all is the so-called Draumkvedet -- the Vision of Heaven and Hell --which dates back to the 12th Century. It describes the legendary dream of a man who slept from Christmas Eve to Epiphany and the visions he wit-nessed of souls in purgatory. Most of these old ballads are in the nature of dance songs in which the leader of the group renders the narrative while others join in the refrain. //SMITHSONIAN FOLKWAYS, Songs and Dances of Norway, CATALOG NUMBER FW04008_207//",,Yes,6,Yes,,########,PWC
Same track as NHS-1324,NHS2-1325.wav,Sangel sa wata Babae,213,Folkways track download,https://folkways.si.edu/magindanaon-lullaby/sangel-sa-wata-babae/world/music/track/smithsonian,,$0.99,,http://www.folkways.si.edu/TrackDetails.aspx?itemid=23782,Global Jukebox,0,1,,Lullaby,Austronesian,magu1243,,language,,Maguindanao,Maguindanao,Southeast Asia,,aust1307,magu1243,magu1243,yes,yes,yes,mdh,No secondary function,No,,,,The song is identified as such in its title or label,Lullaby // GLOBAL JUKEBOX CODING ID 1560 //,NA,NA,,Yes,5,Yes,,6/20/2018 0:33:32,JCS
incorrect link (doesn't match GJ track),NHS2-1494.wav,Shangara,NA,Folkways track download,https://folkways.si.edu/stephen-runeso-gumbo/shangara-pa-chikaranga/track/smithsonian,,$0.99,,http://media.theglobaljukebox.org/audio/T5439R44.mp3,Global Jukebox,0,1,,Dance,Atlantic-Congo,shon1251,duma1252,language,,Shona Karanga,Karanga,Southern Africa,bant1294,atla1278,shon1251,shon1251,yes,yes,yes,sna,No secondary function,No,,,,The song is identified as such in its title or label,"Dance song //GLOBAL JUKEBOX CODING ID 2679, GENRE FIELD//","Dance song //GLOBAL JUKEBOX CODING ID 2679, DESCRIPTION FIELD//",NA,,Yes,6,Yes,,5/21/2018 12:05:45,AMB
repeat of NHS2-0450,NHS2-1607.wav,cora- harvest chant,disk 1 track 13,Folkways track download,https://folkways.si.edu/cora-shaman-with-mitote/cora-harvest-chant/american-indian-world/music/track/smithsonian,,$0.99,,https://folkways.si.edu/cora-shaman-with-mitote/cora-harvest-chant/american-indian-world/music/track/smithsonian,Smithsonian Folkways,0,1,,Work,Uto-Aztecan,elna1235,,language,,cora not found on EHARF,Cora,Southwest and Basin,,utoa1244,cora1260,cora1260,yes,yes,yes,,No secondary function,No,,,,The song is identified as such in its title or label,"Cora - Harvest Chant //CATALOG NUMBER FW04413_206 IN SMITHSONIAN FOLKWAYS, RELEVANT TEXT IS IN THE TITLE FIELD//",NA,NA,search bar --> cora --> indian music of mexico,Yes,6,Yes,,11/23/2018 21:02:26,BSG
all speech,NHS2-1615.wav,Grand Canyon Creation Story,"Disk 1, Track 10",Folkways track download,https://folkways.si.edu/phyllis-yoyetewa-kachinhongva-hopi/grand-canyon-creation-story/american-folk-american-indian-science-nature/track/smithsonian,,$0.99,,https://folkways.si.edu/phyllis-yoyetewa-kachinhongva-hopi/grand-canyon-creation-story/american-folk-american-indian-science-nature/track/smithsonian,Smithsonian Folkways,1,1,Uto,Story,Uto-Aztecan,hopi1249,,language,,Hopi found on eHARF,Hopi,Southwest and Basin,,utoa1244,hopi1249,hopi1249,yes,yes,yes,hop,No secondary function,No,,,,The song is identified as such in its title or label,"Grand Canyon Creation Story //CATALOG NUMBER SFW40167_110 IN SMITHSONIAN FOLKWAYS, RELEVANT TEXT IS IN THE TITLE FIELD//",NA,NA,,Yes,6,Yes,,12/28/2018 17:52:49,BSG
"something up with Folkways album - the song that matches the description and audio at GJ is Mansa (Funeral Song). The track ""Four lullabies"" sounds wrong and does not fit the description in the liner notes or GJ. This seems like correct song: https://folkways.si.edu/mansa-funeral-song/world/music/track/smithsonian",NHS2-1649.wav,Lullabies,NA,Folkways track download,http://www.folkways.si.edu/TrackDetails.aspx?itemid=14205,,$0.99,this is the same song as below (listed twice on GJ),https://theglobaljukebox.org/?share=Fut-T5624R03,Global Jukebox,0,1,,Lullaby,Atlantic-Congo,bafu1246,,language,,Fut,Fut,Western Africa,bant1294,atla1278,bafu1246,bafu1246,yes,yes,yes,bfd,No secondary function,No,,,,The song is identified as such in its title or label,"Lullaby //CODING ID 420 IN GLOBAL JUKEBOX, AUDIO FILE ID 5624R03, RELEVANT TEXT IS IN THE GENRE FIELD//","Lullaby; the mother's hand slapping against the baby is audible //CODING ID 420 IN GLOBAL JUKEBOX, AUDIO FILE ID 5624R03, RELEVANT TEXT IS IN THE DESCRIPTION FIELD//",NA,,Yes,6,Yes,,########,JMI
repeat of NHS2-1649,NHS2-1650.wav,Lullabies,NA,Folkways track download,http://www.folkways.si.edu/TrackDetails.aspx?itemid=14205,,$0.99,,http://media.theglobaljukebox.org/audio/T5624R04.mp3,Global Jukebox,0,1,the description says it's a funeral song,Lullaby,Atlantic-Congo,bafu1246,,language,,Fut,Fut,Western Africa,bant1294,atla1278,bafu1246,bafu1246,yes,yes,yes,bfd,No secondary function,No,,,,The song is identified as such in its title or label,"Lullaby//GLOBAL JUKEBOX CODING ID 2565/AUDIO FILE ID T5624R04, RELEVANT TEXT IS IN THE GENRE FIELD//","Lullaby; the mother's hand slapping against the baby is audible//GLOBAL JUKEBOX CODING ID 2565/AUDIO FILE ID T5624R04, RELEVANT TEXT IS IN THE DESCRIPTION FIELD//",NA,,Yes,6,Yes,,########,JMI
repeat 0741,NHS2-0749.wav,Spanish Children's Song #1 (Performed by Juan Ramirez) -- Todos Santos Chuchumatanes,Track 10,Folkways track download,https://folkways.si.edu/juan-ramirez/spanish-childrens-song/american-indian-latin-world/music/track/smithsonian,,$0.99,,http://gofile.me/3T2hs/OTs9uXZGx,None of these,0,1,,Play,Indo-European,stan1288,,language,,Mam Indians,Mam,Maya Area,ital1284,indo1319,stan1288,stan1288,yes,yes,yes,spa,No secondary function,No,,,,"The song is identified as such in its title or label, There is text in associated ethnography that states what type of song this is (this could be in liner notes, it could be in an email from an anthropologist, etc), The lyrics made it clear to me what type of song this is","Spanish Children's Song #1 (Performed by Juan Ramirez) -- Todos Santos Chuchumatanes //TRACK 10 IN MUSIC OF GUATEMALA, RELEVANT TEXT IS IN THE TITLE//","Songs that he learned at school //TRACK 10 IN MUSIC OF GUATEMALA, RELEVANT TEXT IS IN THE ETHNOGRAPHIC TEXT//","""I would like to be a cat// To enter through your window.// Kitty-cat, kitty-cat of mine,// Catches mice in the corners."" //TRACK 10 IN MUSIC OF GUATEMALA, RELEVANT TEXT IS IN THE LYRICS//",,Yes,6,Yes,,########,NLR
repeat 0742,NHS2-0750.wav,Spanish Children's Song #2 (Performed By Juan Ramirez) -- Todos Santos Cuchumatanes,Track 11,Folkways track download,https://folkways.si.edu/juan-ramirez/spanish-childrens-song-2/american-indian-latin-world/music/track/smithsonian,,$0.99,,http://gofile.me/3T2hs/CRiHK35Ln,None of these,0,1,,Play,Indo-European,stan1288,,language,,Mam Indians,Mam,Maya Area,ital1284,indo1319,stan1288,stan1288,yes,yes,yes,spa,No secondary function,No,,,,"The song is identified as such in its title or label, There is text in associated ethnography that states what type of song this is (this could be in liner notes, it could be in an email from an anthropologist, etc), The lyrics made it clear to me what type of song this is","Spanish Children's Song #2 (Performed By Juan Ramirez) -- Todos Santos Cuchumatanes //TRACK 11 IN MUSIC OF GUATEMALA, RELEVANT TEXT IS IN THE TITLE//","Songs that he learned in school //TRACK 11 IN MUSIC OF GUATEMALA, RELEVANT TEXT IS IN THE ETHNOGRAPHIC TEXT//","""Kitty-cat, kitty-cat, your mother says// That the food is on the table// Well tell Mammy that I shall not eat,// Since there is a party and to the dance I shall go."" //TRACK 11 IN MUSIC OF GUATEMALA, RELEVANT TEXT IS IN THE ETHNOGRAPHIC TEXT//",,Yes,6,Yes,,########,NLR
"""No audio yet""",NHS2-0344.wav,Entierro De Wawas,NA,Global Jukebox,,,,"""no audio yet""",https://theglobaljukebox.org/?share=Aymara-T5488R01,Global Jukebox,1,0,,Mourning,Aymaran,cent2142,,language,,Aymara,Aymara,Central Andes,,ayma1253,ayma1253,ayma1253,yes,yes,yes,,No secondary function,No,,,,The song is identified as such in its title or label,"Burial song for the burial of babies//CODING ID 2870 IN GLOBAL JUKEBOX, RELEVANT TEXT IS IN THE DESCRIPTION FIELD//",NA,NA,,,,No,,########,KJH
"""No audio yet""",NHS2-0345.wav,Song of Christmas,NA,Global Jukebox,,,,"""no audio yet""",https://theglobaljukebox.org/?share=Aymara-T5488R01,Global Jukebox,1,0,,Praise,Aymaran,cent2142,,language,,Aymara,Aymara,Central Andes,,ayma1253,ayma1253,ayma1253,yes,yes,yes,,No secondary function,No,,,,The song is identified as such in its title or label,"Sung to Christ child by women as they go to the lake//CODING ID 2865 IN GLOBAL JUKEBOX, RELEVANT TEXT IS IN THE DESCRIPTION FIELD//",NA,NA,,,,No,,########,KJH
"""No audio yet""",NHS2-0356.wav,Burial Song,NA,Global Jukebox,,,,"""no audio yet""",https://theglobaljukebox.org/?share=Quechua-T5488R1,Global Jukebox,1,0,,Mourning,Quechuan,cusc1236,,language,,Quechua,Quechua,Central Andes,,quec1387,quec1387,quec1387,yes,yes,yes,,No secondary function,No,,,,The song is identified as such in its title or label,"Burial Song//CODING ID 2494 IN GLOBAL JUKEBOX, RELENANT TEXT IN GENRE",NA,NA,,,,No,,########,KJH
"""No audio yet""",NHS2-0361.wav,Kios,NA,Global Jukebox,,,,"""no audio yet""",https://theglobaljukebox.org/?share=Quechua-T5543R47,Global Jukebox,1,0,,Praise,Quechuan,nort2976,,language,,Quechua,Quechua,Central Andes,,quec1387,quec1387,quec1387,yes,yes,yes,,No secondary function,No,,,,The song is identified as such in its title or label,"Kios is small bird with wings but no tail//CODING ID 2503 IN GLOBAL JUKEBOX, RELEVANT TEXT IN THE DESCRIPTION FIELD//",NA,NA,,,,No,,########,KJH
"""No audio yet""",NHS2-0362.wav,Piñi,NA,Global Jukebox,,,,"""no audio yet""",https://theglobaljukebox.org/?share=Quechua-T5488R12,Global Jukebox,1,0,,Story,Quechuan,puno1238,,language,,Quechua,Quechua,Central Andes,,quec1387,quec1387,quec1387,yes,yes,yes,,No secondary function,No,,,,The song is identified as such in its title or label,"Why have you come from the banks of the sea//CODING 2502 IN GlOBAL JUKEBOX, RELEVANT TEXT IN DESCRIPTION FIELD//",NA,NA,,,,No,,########,KJH
No audio file on global jukebox (or elsewhere),NHS2-0674.wav,Cainguáes Canciones 1,NA,Global Jukebox,,,,No audio file on global jukebox (or elsewhere),https://theglobaljukebox.org/?share=Guaran%C3%AD-,Global Jukebox,1,0,,Work,Tupian,para1311,,language,,Guaraní,Guarani,Eastern South America,,tupi1275,mawe1252,para1311,no,yes,yes,,No secondary function,No,,,,"The song is identified as such in its title or label, There is text in associated ethnography that states what type of song this is (this could be in liner notes, it could be in an email from an anthropologist, etc)",Propitiatory song //GLOBAL JUKEBOX CODING ID: 3906//,Description: Gathering song 1; propitiatory song //GLOBAL JUKEBOX CODING ID: 3906//,NA,,,,No,,9/28/2018 9:37:48,TTI
No audio file on global jukebox (or elsewhere),NHS2-0675.wav,Cainguáes Canciones 3,NA,Global Jukebox,,,,No audio file on global jukebox (or elsewhere),https://theglobaljukebox.org/?share=Guaran%C3%AD-,Global Jukebox,1,0,,Work,Tupian,para1311,,language,,Guaraní,Guarani,Eastern South America,,tupi1275,mawe1252,para1311,no,yes,yes,,No secondary function,No,,,,"The song is identified as such in its title or label, There is text in associated ethnography that states what type of song this is (this could be in liner notes, it could be in an email from an anthropologist, etc)",Gathering song //GLOBAL JUKEBOX CODING ID: 3908//,Description: Gathering song 3; Propitiatory song //GLOBAL JUKEBOX CODING ID: 3908//,NA,,,,No,,11/15/2018 3:46:49,TTI
Duplicate of NHS2-0609,NHS2-0964.wav,Song of Deng Ushucalla,NA,Global Jukebox,http://media.theglobaljukebox.org/audio/T5436R27m.mp3,,,"Not sure why column AO has ""--""",https://theglobaljukebox.org/?share=Shilluk-T5436R27m,Global Jukebox,,,repeat of above,Healing,Nilotic,shil1265,,language,,Shiluk,Shilluk,Northern Africa,,nilo1247,shil1265,shil1265,yes,yes,yes,shk,No secondary function,No,,,,The song is identified as such in its title or label,Healing Song,Medicine Song,NA,,Yes,4,Yes,,########,RJW
Duplicate of NHS2-0457,NHS2-0979.wav,Son del Elote,NA,Global Jukebox,http://media.theglobaljukebox.org/audio/T5405R11.mp3,,,,https://theglobaljukebox.org/?share=Wix%C3%A1ritari-T5405R11,Global Jukebox,0,1,,Dance,Uto-Aztecan,huic1243,,language,,Wixaritari,Huichol,Northern Mexico,,utoa1244,huic1243,huic1243,yes,yes,yes,hch,No secondary function,No,,,,The song is identified as such in its title or label,"Dance song //CODING ID 2757 IN GLOBAL JUKEBOX, RELEVANT TEXT IS IN THE DESCRIPTION FIELD//","The Wixáritari were among the last Central American indigenous groups to be conquered by the Spaniards in the 18th century. Many retired to the inaccessible mountains of Jalisco and have lived there ever since, rejecting missionaries and modern customs until the 1960's. //CODING ID 2757 IN GLOBAL JUKEBOX, RELEVANT TEXT IS IN THE DESCRIPTION FIELD//",NA,,Yes,4,Yes,,7/18/2018 18:42:59,LOT
Duplicate of NHS2-0463,NHS2-0980.wav,Magic Healer's Song,NA,Global Jukebox,http://media.theglobaljukebox.org/audio/T5405R07.mp3,,,,https://theglobaljukebox.org/?share=Wix%C3%A1ritari-T5405R10,Global Jukebox,1,1,uto,Healing,Uto-Aztecan,huic1243,,language,,Wixaritari,Huichol,Northern Mexico,,utoa1244,huic1243,huic1243,yes,yes,yes,hch,No secondary function,No,,,,The song is identified as such in its title or label,"Shaman song; healing song; magic song; responsorial song //CODING ID 2756 IN GLOBAL JUKEBOX, RELEVANT TEXT IS IN THE DESCRIPTION FIELD//","antiphonal call and response; fast tempo; melodic line flips up to higher male register The Wixáritari were among the last Central American indigenous groups to be conquered by the Spaniards in the 18th century. Many retired to the inaccessible mountains of Jalisco and have lived there ever since, rejecting missionaries and modern customs until the 1960's. //CODING ID 2756 IN GLOBAL JUKEBOX, RELEVANT TEXT IS IN THE DESCRIPTION FIELD//",NA,,Yes,6,Yes,,7/18/2018 18:36:56,LOT
Duplicate of NHS2-0466,NHS2-0981.wav,"Cancion Para La Muchacha, Me Voy Para Durango",NA,Global Jukebox,http://media.theglobaljukebox.org/audio/T5405R01.mp3,,,,https://theglobaljukebox.org/?share=Wix%C3%A1ritari-T5405R01,Global Jukebox,1,1,uto,Love,Uto-Aztecan,huic1243,,language,,Huichol; Wixáritari,Huichol,Northern Mexico,,utoa1244,huic1243,huic1243,yes,yes,yes,hch,Dance,No,NOTE: might be the same as cancion de casamiento,,,The song is identified as such in its title or label,Love song; courtship song; dance song //GLOBAL JUKEBOX CODING ID 154 INFO IN GENRE FIELD//,Song in Huichol; lyrics deal with a man who has set out on a journey to Durango to bring his wife-to-be a present; male soloist over small guitar; sound of dancing in background //GLOBAL JUKEBOX CODING ID 154 INFO IN DESCRIPTION FIELD//,NA,,Yes,4,Yes,,7/16/2018 19:54:41,LOT
duplicate of NHS2-1054,NHS2-1044.wav,Alavado,NA,Global Jukebox,http://media.theglobaljukebox.org/audio/T5621R13m.mp3,,,duplicate,https://theglobaljukebox.org/?share=Afro-Colombian-T5621R13m,Global Jukebox,0,1,,Mourning,Indo-European,stan1288,,language,,Afro-Colombian,Afro-Colombian,Northwestern South America,ital1284,indo1319,stan1288,stan1288,yes,yes,yes,spa,No secondary function,No,,,,"There is text in associated ethnography that states what type of song this is (this could be in liner notes, it could be in an email from an anthropologist, etc)","Genre: Funeral Song dirge// CODING ID 3887 GLOBAL JUKEBOX, GENRE SECTION","""Dirge...sung mostly at funeral wake""//CODING ID 3887 GLOBAL JUKEBOX, DESCRIPTION SECTION",NA,,Yes,6,Yes,,9/19/2018 15:21:33,NLC
"""No audio yet""",NHS2-1171.wav,Tau' Olunga,NA,Global Jukebox,,,,,https://theglobaljukebox.org/?share=Tongans-,Global Jukebox,,,no audio,Dance,Austronesian,tong1325,,language,,Tongans,Tongan,Polynesia,,aust1307,tong1325,tong1326,no,yes,yes,ton,No secondary function,No,,,,The song is identified as such in its title or label,"Dance Song //GLOBAL JUKEBOX, CODING ID 4380 RELEVANT INFORMATION IN THE GENRE SECTION//",NA,NA,"wheel > Search ""tongans"" > choose ""Tau' Olunga""",,,No,,########,DIS
"""No audio yet""",NHS2-1172.wav,Tokelau,NA,Global Jukebox,,,,,https://theglobaljukebox.org/?share=Tongans-,Global Jukebox,,,no audio,Dance,Austronesian,tong1325,,language,,Tongans,Tongan,Polynesia,,aust1307,tong1325,tong1326,no,yes,yes,ton,No secondary function,No,,,,The song is identified as such in its title or label,"Dance Song //GLOBAL JUKEBOX, CODING ID 4381 RELEVANT INFORMATION IN THE GENRE SECTION//",NA,NA,"wheel > Search ""tongans"" > choose ""Tokelau""",,,No,,########,DIS
Duplicate of NHS2-0458,NHS2-1616.wav,Marriage Song,no track number Lomax Source: T1738.B44,Global Jukebox,http://media.theglobaljukebox.org/audio/T5405R08.mp3,,,,https://theglobaljukebox.org/?share=Wix%C3%A1ritari-T5405R08,Global Jukebox,0,1,,Procession,Uto-Aztecan,huic1243,,language,,wixaritari; huichol; only huichol found on EHARF,Huichol,Southwest and Basin,,utoa1244,huic1243,huic1243,yes,yes,yes,hch,Dance,No,,,,"The song is identified as such in its title or label, There is text in associated ethnography that states what type of song this is (this could be in liner notes, it could be in an email from an anthropologist, etc)","Marriage Song //CODING ID 2754 IN GLOBAL JUKEBOX, RELEVANT TEXT IS IN THE SONG TITLE FIELD//","Wedding song; dance song //CODING ID 2754 IN GLOBAL JUKEBOX, RELEVANT TEXT IS IN THE GENRE FIELD//",NA,,Yes,6,Yes,,11/23/2018 22:06:36,BSG
"This is only a musical score, can't find the song as a recording",NHS2-0433.wav,Arrullo a la niña retrato,NA,Harvard Library,http://id.lib.harvard.edu/alma/990021285060203941/catalog,,,,http://www.worldcat.org/title/dos-canciones-con-acompanamiento-de-piano/oclc/2809191&referer=brief_results,WorldCat,0,1,uto,Lullaby,Uto-Aztecan,azte1234,,family,,Nahuatl,Aztec,Central Mexico,,utoa1244,azte1234,azte1234,yes,yes,yes,,No secondary function,No,,,,The song is identified as such in its title or label,Lullaby Song// TITLE IN WORLDCAT//,NA,NA,The provided hyperlink has the information on the locations where the song can be found.,,,No,,########,JAY
"GJ says song is on the LP listed, but LP tracklist doesn't reflect this. Once digitzed, listen through to see if any match GJ track. LP: Folk music from Japan, the Ryukyus, Formosa and Korea",NHS2-0551.wav,Taroko,"""NA""",Harvard Library,http://id.lib.harvard.edu/alma/990074535930203941/catalog,LP,,,http://media.theglobaljukebox.org/audio/T5629R11.mp3,Global Jukebox,1,1,,Procession,Austronesian,sais1237,,language,,Saisiyat,Saisiyat,East Asia,,aust1307,sais1237,.,no,.,.,xsy,Wedding,No,,,,"There is text in associated ethnography that states what type of song this is (this could be in liner notes, it could be in an email from an anthropologist, etc)","""Wedding song; welcome song"" //CODING ID 35 ON GLOBAL JUKEBOX","""Welcoming the Bride; the Sajek construct their songs in the form of rounds, a characteristic of hunter-gatherer music in India and Africa"" //CODING ID 35 ON GLOBAL JUKEBOX","""NA"" //CODING ID 35 ON GLOBAL JUKEBOX",,Yes,6,Yes,,########,MAK
mostly spoken word with a very short segment of song,NHS2-1066.wav,Cheyenne Story of the Bogeyman,"Side A, Track 8",Harvard Library,"https://hollis.harvard.edu/primo-explore/fulldisplay?docid=01HVD_ALMA212044033070003941&context=L&vid=HVD2&lang=en_US&search_scope=default_scope&adaptor=Local%20Search%20Engine&tab=books&query=any,contains,Plains:%20Comanche,%20Cheyenne,%20Kiowa,%20Caddo,%20Wichita,%20Pawnee",LP,,,https://www.loc.gov/folklife/LP/AFSL39Plains.pdf,Library of Congress Catalog Card Number 82-743369,1,0,,Story,Algic,chey1247,,language,,"Cheyenne, Heévâhetaneo'o, Southern Cheyenne",Cheyenne,Plains and Plateau,,algi1248,chey1247,stan1293,no,no,no,chy,No secondary function,No,,,,"The song is identified as such in its title or label, There is text in associated ethnography that states what type of song this is (this could be in liner notes, it could be in an email from an anthropologist, etc), The lyrics made it clear to me what type of song this is","Story//MUSIC OF THE AMERICAN INDIANS, LOC, AFS L39, LINER NOTES, PAGE 13, A8//","""When there's a gathering together at ceremonials, you know, getting so many parents and the children, they try to keep the children inside. So the bogeyman he goes along allover the camp so he keep them in. Every tipi he stops andhe sings this song to them//MUSIC OF THE AMERICAN INDIANS, LOC, AFS L39, LINER NOTES, PAGE 13, A8//","Mista Komena, Bogeyman is coming//MUSIC OF THE AMERICAN INDIANS, LOC, AFS L39, LINER NOTES, PAGE 13, A8//",First issued on long-playing record in 1954. Accompanying booklet published 1982.,,,No,,12/31/2018 22:56:19,SAS
duplicate,NHS2-1363.wav,Mari Stoyane Soyane,"Side A, Cut 2",Harvard Library,,,,"Duplicate of above ""Mari Stoyane Stoyane""",https://theglobaljukebox.org/?share=Sofia%20District-T5462R68,"Global Jukebox, Copy in Alan Lomax Collection, American Folklife Center, Library of Congress",0,1,,Procession,Indo-European,bulg1262,,language,,Bulgarian (Sofia District),Bulgarian,Southeastern Europe,balt1263,indo1319,bulg1262,bulg1262,yes,yes,yes,bul,Spring Song,No,,,,The song is identified as such in its title or label,"Ritual song; door to door singing; spring song// GLOBAL JUKEBOX, CODING ID: 358 //","Ritual song; sung the day before Palm Sunday, when girls dressed in plumed headgear go from house to house around the village to sing in the Spring and to bring luck// GLOBAL JUKEBOX, CODING ID: 358 //",NA,,Yes,6,Yes,,########,JCVL
"This is spoken, not a song",NHS2-1680.wav,Stories from Daily life,NA,Harvard Library,http://id.lib.harvard.edu/alma/990096102130203941/catalog,CD,,,http://gofile.me/3T2hs/RWrSsO9Ws,Loeb AWM,1,0,,Mourning,Basque,basq1248,,language,,French Basques,Basque,Western Europe,,0,basq1248,basq1248,yes,yes,yes,eus,No secondary function,No,,,,"There is text in associated ethnography that states what type of song this is (this could be in liner notes, it could be in an email from an anthropologist, etc)",NA,“An old woman is mourning the death of a man who has just died” //AWM CD 12367 IN LOEB; INFO IN LINER NOTES//,NA,Multiple songs on this track; this one plays 01:33-01:52,Yes,5,Yes,,########,KVL
"This is spoken, not a song",NHS2-1684.wav,Traditional Narrative,NA,Harvard Library,http://id.lib.harvard.edu/alma/990096102130203941/catalog,CD,,,http://gofile.me/3T2hs/7oE3Mxhn9,Loeb AWM,1,0,,Story,Basque,basq1248,,language,,French Basques,Basque,Western Europe,,0,basq1248,basq1248,yes,yes,yes,eus,No secondary function,No,,,,"There is text in associated ethnography that states what type of song this is (this could be in liner notes, it could be in an email from an anthropologist, etc)",NA,"“While visiting a friendly king, King Solomon is asked about his family. Ashamed of having only three daughters, he resorts to a lie, pretending to have three sons. His host now asks the Jewish king to send him one of them. Much distressed. Solomon returns home, deciding to send him one of his daughters disguised as a man. In order to test his daughters courage, he dresses up as a robber and waits in ambush for each of them. The youngest passes the test well and is thus chosen to travel to the foreign court.” //AWM CD 12367 IN LOEB; INFO IN LINER NOTES//",NA,,Yes,5,Yes,,########,KVL
Can not confirm that youtube link is correct song,NHS2-0995.wav,El Corrido de Gregorio Cortez,NA,Harvard Library,http://id.lib.harvard.edu/alma/990088341580203941/catalog,CD,,https://www.youtube.com/watch?v=zbFEODgaTZw,http://gofile.me/3T2hs/dkb7AMMkb,"Pg 83 of the book: Music in Mexico written by Alejandro L. Madrid, published by Oxford University Press (2013)",0,1,,Story,Indo-European,stan1288,,language,,Mexican,Mexican,Northern Mexico,ital1284,indo1319,stan1288,stan1288,yes,yes,yes,spa,No secondary function,No,,,,The song is identified as such in its title or label,Corrido (Ballad) Source: pg 83 of the book Music in Mexico by Alejandro L. Madrid,NA,NA,,Yes,,No,,10/27/2018 23:32:32,MMX
Duplicate of NHS2-0133,NHS2-1032.wav,Curing Song,NA,Harvard Library,"https://hollis.harvard.edu/primo-explore/fulldisplay?docid=01HVD_ALMA212021913390003941&context=L&vid=HVD2&lang=en_US&search_scope=default_scope&adaptor=Local%20Search%20Engine&tab=books&query=any,contains,Columbia%20World%20Library%20of%20Folk%20&%20Primitive%20Music:%20Venezuela",LP,,,https://theglobaljukebox.org/?share=Pum%C3%A9-T5403R88m,Global Jukebox,,,repeat of above,Healing,Pume,pume1238,,language,,Pumé,Pume,Northwestern South America,,0,pume1238,pume1238,yes,yes,yes,yae,No secondary function,No,,,,"The song is identified as such in its title or label, There is text in associated ethnography that states what type of song this is (this could be in liner notes, it could be in an email from an anthropologist, etc)",Curing Song//GLOBAL JUKEBOX//,Shaman's curing song//GLOBAL JUKEBOX//,NA,//GLOBAL JUKEBOX//Coding ID: 152,Yes,6,Yes,NA,########,LAV
Can not find song,NHS2-1712.wav,The first amongst the birds,17,musiclabnas,,,,,http://gofile.me/3T2hs/FWR6t9YaO,"WorldCat, MCgill Music library",0,1,,Praise,Indo-European,stan1290,,language,,Auvergne,French,Western Europe,ital1284,indo1319,stan1290,stan1290,yes,yes,yes,fra,No secondary function,No,,,,The lyrics made it clear to me what type of song this is,NA,NA,"""the first amongst all birds is the singing nightingale. Prettily does he sing in the morning at the break of day [...] He plunges me into revery, for his voice is enchanting""",,Yes,6,Yes,,########,KVL
Duplicate of NHS2-0343,NHS2-0009.wav,Lullaby,NA,Unavailable,http://media.theglobaljukebox.org/audio/T5488R02.mp3,,,can't identify song to find alternative sources,http://media.theglobaljukebox.org/audio/T5488R02.mp3,"Global Jukebox, Smithsonian Folkways",,,repeat of above,Lullaby,Aymaran,cent2142,,language,,Aymara,Aymara,Amazon and Orinoco,,ayma1253,ayma1253,aima1242,no,no,no,,No secondary function,No,,,,"The song is identified as such in its title or label, There is text in associated ethnography that states what type of song this is (this could be in liner notes, it could be in an email from an anthropologist, etc)",Lullaby //GLOBAL JUKEBOX CODING ID: 2867//,"Genre: Lullaby Description: Lullaby; lyrics: If your father is getting drunk he'll come and beat us up, so go to sleep my little girl, I'll cover you with my blanket, go to sleep //GLOBAL JUKEBOX CODING ID: 2867//",NA,Disc 1 / Track 17 (From Smithsonian Folkways),Yes,5,Yes,,2/23/2018 12:53:01,HLR
Duplicate of NHS2-1027,NHS2-0012.wav,Dancing song,NA,Unavailable,http://media.theglobaljukebox.org/audio/T5404R03m.mp3,,,,http://media.theglobaljukebox.org/audio/T5404R03m.mp3,Global Jukebox,,,repeat,Dance,Guahiboan,guah1255,,language,,Guahibo,Guahibo,Amazon and Orinoco,,guah1252,guah1252,guah1255,no,unknown,yes,,No secondary function,No,,,,"The song is identified as such in its title or label, There is text in associated ethnography that states what type of song this is (this could be in liner notes, it could be in an email from an anthropologist, etc)",Song: Dancing song Genre: Dance song; men's song //GLOBAL JUKEBOX CODING ID: 1804//,Description: Dance song; men's song; sung in separated choirs which have staggered recitals of the litany idea //GLOBAL JUKEBOX CODING ID: 1804//,NA,,Yes,3,Yes,,########,HLR
Duplicate of NHS2-1028,NHS2-0013.wav,Healing Song,NA,Unavailable,http://media.theglobaljukebox.org/audio/T5404R01m.mp3,,,,http://media.theglobaljukebox.org/audio/T5404R01m.mp3,Global Jukebox,,,repeat of above,Healing,Guahiboan,guah1255,,language,,Guahibo,Guahibo,Amazon and Orinoco,,guah1252,guah1252,guah1255,no,unknown,yes,,No secondary function,No,,,,The song is identified as such in its title or label,Song: Healing Song Genre: Healing song //GLOBAL JUKEBOX CODING ID: 1802//,Description: Healing Song; sung by older woman; recorded at El Totumo Farm //GLOBAL JUKEBOX CODING ID: 1802//,NA,,Yes,3,Yes,,########,HLR
subject to tribal permission,NHS2-0058.wav,Medicine Woman's Song,NA,Unavailable,,,,,https://theglobaljukebox.org,Global Jukebox,,,subject to tribal permission,Healing,Athabaskan-Eyak-Tlingit,carr1249,,language,,Dakelh,Dakelh,Arctic and Subarctic,,atha1245,carr1249,carr1249,yes,yes,yes,crx,No secondary function,No,,,,"The song is identified as such in its title or label, There is text in associated ethnography that states what type of song this is (this could be in liner notes, it could be in an email from an anthropologist, etc)",Healing song //GENRE ON GLOBAL JUKEBOX//,Medicine woman's song; male duet over slow hand clapping and interjections //DESCRIPTION ON GLOBAL JUKEBOX//,NA,"Coding ID 1516, found by searching Dakelh",,,No,,2/15/2018 16:47:29,CMB
subject to tribal permission,NHS2-0059.wav,Love Song,NA,Unavailable,,,,,https://theglobaljukebox.org,Global Jukebox,,,subject to tribal permission,Love,Athabaskan-Eyak-Tlingit,carr1249,,language,,Dakelh,Dakelh,Arctic and Subarctic,,atha1245,carr1249,carr1249,yes,yes,yes,crx,No secondary function,No,,,,"The song is identified as such in its title or label, There is text in associated ethnography that states what type of song this is (this could be in liner notes, it could be in an email from an anthropologist, etc)",Love Song //SONG AND GENRE LABELS IN GLOBAL JUKEBOX//,Love song; male soloist unaccompanied //DESCRIPTION ON GLOBAL JUKEBOX//,NA,"Coding ID 3154, can be found by searching Dakelh",,,No,,2/15/2018 16:43:39,CMB
repeat of 0065,NHS2-0064.wav,Sakausiq,Track 27,Unavailable,,,,,http://www.worldcat.org/title/songs-of-the-inuit-iglulik-canada/oclc/65196223,"WorldCat, Discogs",,,repeat of above,Healing,Eskimo-Aleut,east2534,,language,,Inuit Iglulik,Inuit Iglulik,Arctic and Subarctic,,eski1264,west2618,inui1246,no,yes,yes,ikt,No secondary function,No,,,,The song is identified as such in its title or label,Curing Songs //LABEL FROM DISCOGS//,NA,NA,Track listing and info at discogs: https://www.discogs.com/Inuit-Inuit-Iglulik/release/1588002 NOTE: Worldcat album appears to be a re-released version of discogs album. New version's link chosen for album accessibility. Track listing is identical. Discog album/older version link on Worldcat: http://www.worldcat.org/title/inuit-iglulik-canada/oclc/725386988&referer=brief_results,,,No,,2/22/2018 14:23:23,CMB
subject to tribal permission,NHS2-0075.wav,Shaman's Personal Wind Medicine Song,NA,Unavailable,,,,,https://theglobaljukebox.org,Global Jukebox,,,subject to tribal permission,Healing,Athabaskan-Eyak-Tlingit,nort2942,,language,,Sahtu Dene,Sahtu,Arctic and Subarctic,,atha1245,nort2942,slav1253,no,yes,yes,scs,Shaman,No,,,,"The song is identified as such in its title or label, There is text in associated ethnography that states what type of song this is (this could be in liner notes, it could be in an email from an anthropologist, etc)",Shaman song; healing song; medicine song //GENRE ON GLOBAL JUKEBOX//,Shaman's personal wind medicine song; heavy static and distorted sound //DESCRIPTION ON GLOBAL JUKEBOX//,NA,"Coding ID 3092, found by searching Sahtu Dene",,,No,,2/15/2018 17:04:41,CMB
subject to tribal permission,NHS2-0076.wav,"Love Song, Ula",NA,Unavailable,,,,,https://theglobaljukebox.org,Global Jukebox,,,subject to tribal permission,Love,Athabaskan-Eyak-Tlingit,nort2942,,language,,Sahtu Dene,Sahtu,Arctic and Subarctic,,atha1245,nort2942,slav1253,no,yes,yes,scs,No secondary function,No,,,,"The song is identified as such in its title or label, There is text in associated ethnography that states what type of song this is (this could be in liner notes, it could be in an email from an anthropologist, etc)",Love song //GENRE ON GLOBAL JUKEBOX//,Love song; Ula; male soloist in litany over drum and shaker; audience in background //DESCRIPTION ON GLOBAL JUKEBOX//,NA,"Coding ID 1498, found by searching Sahtu Dene",,,No,,2/16/2018 14:01:48,CMB
subject to tribal permission,NHS2-0077.wav,Love Song,NA,Unavailable,,,,,https://theglobaljukebox.org/#,Global Jukebox,,,subject to tribal permission,Love,Athabaskan-Eyak-Tlingit,nort2942,,language,,Sahtu Dene,Sahtu,Arctic and Subarctic,,atha1245,nort2942,slav1253,no,yes,yes,scs,No secondary function,No,,,,The song is identified as such in its title or label,"Love song //GLOBAL JUKEBOX CODING ID 3094, GENRE FIELD//","Love song; female soloist over drum, shaker; heavy static in recording //GLOBAL JUKEBOX CODING ID 3094, DESCRIPTION FIELD//",NA,"Coding id 3094, search Sahtu Dene",,,No,,########,AMB
subject to tribal permission,NHS2-0094.wav,Campfire Trading and Sweetheart Song,NA,Unavailable,,,,,https://theglobaljukebox.org/#,Global Jukebox,,,subject to tribal permission,Love,Gunwinyguan,djau1244,,language,,Jawoyn: culture not found in eHRAF,Jawoyn,Australia,,gunw1250,djau1244,djau1244,yes,yes,yes,djn,No secondary function,No,,,,The song is identified as such in its title or label,"Trading song; love song //GLOBAL JUKEBOX GENRE LABELS, CODING ID: 1218 //","Campfire trading and sweetheart song referring to the exchange of goods between tribal or classificatory husband and wife, not actually married //GLOBAL JUKEBOX CODING ID 1218, DESCRIPTION FIELD//",NA,,,,No,"Global Jukebox shows ""Recordings of Indigenous Australians will not be published on this site without permission from tribal representatives.""",10/24/2018 16:15:54,YJW
"not on GJ (subject to tribal permission), vinyl is unavailable for purchase or loan: https://www.discogs.com/Australian-Aborigines-Aboriginal-Music-From-The-Northern-Territory-Of-Australia-1948/release/8578331",NHS2-0098.wav,Spiritual Song,NA,Unavailable,,,,,https://theglobaljukebox.org/,Global Jukebox,,,subject to tribal permission,Dance,Gunwinyguan,gunw1252,guma1252,language,,Kunwinjku - culture not listed in EHRAF,Bininj,Australia,,gunw1250,guma1252,guma1252,yes,yes,yes,,No secondary function,No,,,,The song is identified as such in its title or label,Ritual song; dance song; chant //CODING ID 1225 GENRE FROM GLOBAL JUKEBOX//,Kunwinjku land lies in the area famous for traditional Aboriginal rock art. Artists belong to clans and visually represent the ancestral creation stories or ‘Dreamings’ of their clan. Each clan has an estate where they hunt and gather edible plants and other necessities. Ancestral beings are believed to have created the features of the land. Spirits that animate an individual’s life reside there and at their death the spirit goes back to a Dreaming place.//CODING ID 1225 IN GLOBAL JUKEBOX//,NA,,,,No,,10/17/2018 16:09:53,YJW
"not on GJ (subject to tribal permission), vinyl is unavailable for purchase or loan: https://www.discogs.com/Australian-Aborigines-Aboriginal-Music-From-The-Northern-Territory-Of-Australia-1948/release/8578331",NHS2-0102.wav,Sea Song,NA,Unavailable,,,,,https://theglobaljukebox.org/,Global Jukebox,,,subject to tribal permission,Story,Iwaidjan Proper,iwai1244,,language,,Iwaidja - culture not listed in EHRAF,Iwaidja,Australia,,iwai1246,iwai1244,iwai1244,yes,yes,yes,ibd,No secondary function,No,,,,"There is text in associated ethnography that states what type of song this is (this could be in liner notes, it could be in an email from an anthropologist, etc)",Story Song //LABELED IN GLOBAL JUKEBOX CODING ID 1207//,Sea song in the Jiwadja language; describes a salt-water fish swimming along// ID 1207 IN GLOBAL JUKEBOX CODING//,NA,,,,No,"Global Juke Box categories as ""Animal song"" in the genre section",10/17/2018 16:26:37,YJW
"not on GJ (subject to tribal permission), vinyl is unavailable for purchase or loan: https://www.discogs.com/Australian-Aborigines-Aboriginal-Music-From-The-Northern-Territory-Of-Australia-1948/release/8578331",NHS2-0104.wav,Sweetheart Song,NA,Unavailable,,,,,https://theglobaljukebox.org/#,Global Jukebox,,,subject to tribal permission,Love,Gunwinyguan,kunb1251,,language,,Gunbalang: Culture not listed in eHRAF,Gunbalang,Australia,,gunw1250,kunb1251,gunw1250,no,yes,yes,wlg,No secondary function,No,,,,The song is identified as such in its title or label,Gossip song //GENRE ON GLOBAL JUKEBOX//,Gunbalang Gossip Song series; lyrics refer to a woman talking about her lover//DESCRIPTION ON GLOBAL JUKEBOX//,NA,,,,No,"Global Jukebox shows ""Recordings of Indigenous Australians will not be published on this site without permission from tribal representatives.""",10/24/2018 16:07:16,YJW
subject to tribal permission,NHS2-0111.wav,Corroboree du kangourou,NA,Unavailable,,,,,https://theglobaljukebox.org/#,Global Jukebox,,,subject to tribal permission,Praise,Pama-Nyungan,pint1250,,language,,Anangu(Culture not found in eHRAF),Anangu,Australia,,pama1250,yann1237,pitj1243,no,no,yes,jay,No secondary function,No,,,,The song is identified as such in its title or label,Chant; corroboree song; ceremonial song //GLOBAL JUKEBOX CODING ID: 36//,NA,NA,,,,No,,########,YJW
subject to tribal permission,NHS2-0114.wav,Chant rituel du kangourou,NA,Unavailable,,,,,https://theglobaljukebox.org/#,Global Jukebox,,,subject to tribal permission,Praise,Pama-Nyungan,pitj1243,,language,,Anangu (Culture not found in eHRAF),Anangu,Australia,,pama1250,yann1237,pitj1243,no,no,yes,jay,No secondary function,No,,,,The song is identified as such in its title or label,Genre: Shaman song; ritual song; animal song //GLOBAL JUKEBOX CODING ID: 37//,Shaman song; six couplets correspond to six diamonds drawn on the ground that resemble a kangaroo //GLOBAL JUKEBOX CODING ID: 37//,NA,,,,No,"Global Jukebox states ""Recordings of Indigenous Australians will not be published on this site without permission from tribal representatives.""",########,YJW
"not on GJ (subject to tribal permission), vinyl is unavailable for purchase or loan: https://www.discogs.com/Australian-Aborigines-Aboriginal-Music-From-The-Northern-Territory-Of-Australia-1948/release/8578331",NHS2-0118.wav,Wogaitj Mourning Songs,"Track is S1, unclear which Disc",Unavailable,,,,,"http://colsearch.nfsa.gov.aufsa/search/display/display.w3p;adv=;group=;groupequals=;holdingType=;page=0;parentid=;query=Aboriginal%20Music%20From%20The%20Northern%20Territory%20Of%20Australia,%201948;querytype=;rec=0;resCount=10",Global Jukebox,,,subject to tribal permission,Mourning,Wadjiginy,wadj1254,,language,,Wogait,Wadjiginy,Australia,,0,wadj1254,.,no,.,.,wdj,No secondary function,No,,,,The song is identified as such in its title or label,Mourning Song //LABELED IN GLOBAL JUKEBOX CODING ID 1219//,NA,NA,Request access at the link,,,No,,########,DWL
"not on GJ (subject to tribal permission), vinyl is unavailable for purchase or loan: https://www.discogs.com/Australian-Aborigines-Aboriginal-Music-From-The-Northern-Territory-Of-Australia-1948/release/8578331",NHS2-0119.wav,Mourning Song,NA,Unavailable,,,,,https://theglobaljukebox.org/#,Global Jukebox,,,subject to tribal permission,Mourning,Wadjiginy,wadj1254,,language,,Wogait: culture not found in eHRAF,Wadjiginy,Australia,,0,wadj1254,wadj1254,yes,yes,yes,wdj,No secondary function,No,,,,The song is identified as such in its title or label,Mourning Song //GLOBAL JUKEBOX CODING ID: 1215//,Mourning song of the Wogaitj tribe //GLOBAL JUKEBOX CODING ID: 1215//,NA,,,,No,"Global Jukebox shows ""Recordings of Indigenous Australians will not be published on this site without permission from tribal representatives.""",10/27/2018 13:52:46,YJW
"not on GJ (subject to tribal permission), vinyl is unavailable for purchase or loan: https://www.discogs.com/Australian-Aborigines-Aboriginal-Music-From-The-Northern-Territory-Of-Australia-1948/release/8578331",NHS2-0120.wav,Corroboree Song,NA,Unavailable,,,,,https://theglobaljukebox.org/#,Global Jukebox,,,subject to tribal permission,Procession,Wadjiginy,wadj1254,,language,,Wogait: culture not found in eHRAF,Wadjiginy,Australia,,0,wadj1254,wadj1254,yes,yes,yes,wdj,ceremonial song,No,,,,"There is text in associated ethnography that states what type of song this is (this could be in liner notes, it could be in an email from an anthropologist, etc)",Corroboree song; ceremonial song //GENRE FROM GLOBAL JUKEBOX CODING ID: 1216//,"Further extract from the Wonga recorded at Delissaville; a corroboree is an event at which Australians interact with the Dreamtime through dance, music, and costume //DESCRIPTION FROM GLOBAL JUKEBOX CODING ID: 1216//",NA,,,,No,,10/27/2018 14:21:51,YJW
"not on GJ (subject to tribal permission), vinyl is unavailable for purchase or loan: https://www.discogs.com/Australian-Aborigines-Aboriginal-Music-From-The-Northern-Territory-Of-Australia-1948/release/8578331",NHS2-0121.wav,Corroboree Song,NA,Unavailable,,,,,https://theglobaljukebox.org/#,Global Jukebox,,,subject to tribal permission,Procession,Wadjiginy,wadj1254,,language,,Wogait: culture not founded in eHRAF,Wadjiginy,Australia,,0,wadj1254,wadj1254,yes,yes,yes,wdj,Ceremony,No,,,,"There is text in associated ethnography that states what type of song this is (this could be in liner notes, it could be in an email from an anthropologist, etc)",Corroboree song; ceremonial song //GENRE OF SONG AS LISTED ON GLOBAL JUKE BOX CDING ID 1214//,"Passage from the Indi Indi Wonga Corroboree; a corroboree is an event at which Australians interact with the Dreamtime through dance, music, and costume //DESCRIPTION ON GLOBAL JUKE BOX CDING ID 1214//",NA,,,,No,"Global Juke Box shows ""Recordings of Indigenous Australians will not be published on this site without permission from tribal representatives.""",10/27/2018 13:45:01,YJW
"not on GJ (subject to tribal permission), vinyl is unavailable for purchase or loan: https://www.discogs.com/Australian-Aborigines-Aboriginal-Music-From-The-Northern-Territory-Of-Australia-1948/release/8578331",NHS2-0132.wav,Hawk Song,NA,Unavailable,,,,,https://theglobaljukebox.org/#,Global Jukebox,,,subject to tribal permission,Story,Pama-Nyungan,yuul1239,,family,,Maraian Singing,Maraian,Australia,,pama1250,.,.,.,.,.,#N/A,No secondary function,No,,,,"There is text in associated ethnography that states what type of song this is (this could be in liner notes, it could be in an email from an anthropologist, etc)","Animal song //CODING ID 1221 IN GLOBAL JUKEBOX, RELEVANT TEXT IS IN THE DESCRIPTION FIELD//",NA,NA,,,,No,Global Jukebox says the recordings of Indigenous Australians will not be published on this site without permission from tribal representatives.,########,YJW
Duplicate of NHS2-0481,NHS2-0482.wav,Funeral Song 3,NA,Unavailable,,,,"Global jukebox: ""no audio yet""",https://theglobaljukebox.org/?share=Totonac-T5405R63,Global Jukebox,1,0,,Mourning,Totonacan,papa1238,,language,,Totonac,Totonac,Central Mexico,,toto1251,papa1238,papa1238,yes,yes,yes,top,No secondary function,No,,,,The song is identified as such in its title or label,Funeral Song//CODING ID 3653 IN GLOBAL JUKEBOX//),NA,NA,,,,No,,########,JAY
Not a song,NHS2-0753.wav,Yucatan Maya Dance 1,NA,Unavailable,,,,,https://theglobaljukebox.org/?share=Yucatan%20Maya-T5486R01,Global Jukebox,,,"this isn't a song, it's a dance pattern",Dance,Mayan,yuca1254,,language,,Yucatan (Not in eHRAF),Mayan,Maya Area,,maya1287,yuca1254,yuca1252,no,yes,yes,yua,No secondary function,No,,,,The song is identified as such in its title or label,"Yucatan Maya Dance 1 //CODING ID Murdock Number: 21033; 29118 IN GLOBAL JUKEBOX, RELEVANT TEXT IS IN THE TITLE//",NA,NA,,,,No,,10/16/2018 13:29:22,NLR
Duplicate of NHS2-1295,NHS2-0762.wav,Curing Ceremony Song,NA,Unavailable,,,,,http://media.theglobaljukebox.org/audio/T5593R07.mp3,Global Jukebox,,,repeat of above,Healing,Nuclear Trans New Guinea,eipo1242,,language,,Eipo (not listed in HRAF),Eipo,Melanesia,,nucl1709,eipo1242,eipo1242,yes,yes,yes,eip,No secondary function,No,,,,The song is identified as such in its title or label,"Healing song //CODING ID 9795 IN GLOBAL JUKEBOX, RELEVANT TEXT IS IN THE DESCRIPTION FIELD//",NA,NA,"First link is the audio file, second is metadata: https://theglobaljukebox.org/?share=Eipo-T5593R07",Yes,6,Yes,,8/20/2018 2:36:57,PWC
Duplicate of NHS2-0771,NHS2-0770.wav,Tanua Dance,NA,Unavailable,,,,Duplicate to track below (Tanua Dance),http://media.theglobaljukebox.org/audio/T30205.mp3,Global Jukebox,,,repeat of above,Dance,Austronesian,kara1486,,language,,Kara(not listed in HRAF),Kara,Melanesia,,aust1307,kara1481,kara1486,no,no,no,reg,No secondary function,No,,,,The song is identified as such in its title or label,"Dance song; ceremonial song //CODING ID 30205 IN GLOBAL JUKEBOX, RELEVANT TEXT IS IN THE DESCRIPTION FIELD//",NA,NA,"First link is the audio file, second is metadata https://theglobaljukebox.org/?share=Kara-T30205",Yes,6,Yes,,8/15/2018 15:46:08,PWC
Duplicate of NHS2-0778,NHS2-0777.wav,Village Dance Song,NA,Unavailable,,,,,http://media.theglobaljukebox.org/audio/T5431R12.mp3,Global Jukebox,,,repeat of above,Dance,Austronesian,kuan1248,,language,,Tolai (not listed in HRAF),Tolai,Melanesia,,aust1307,kuan1248,kuan1248,yes,yes,yes,ksd,No secondary function,No,,,,The song is identified as such in its title or label,"Dance song CODING ID 4252 IN GLOBAL JUKEBOX, RELEVANT TEXT IS IN THE DESCRIPTION FIELD//",NA,NA,"First link is the audio file, second is metadata: https://theglobaljukebox.org/?share=Tolai-T5431R12",Yes,6,Yes,,8/15/2018 15:59:05,PWC
no audio,NHS2-0780.wav,Buzuburu,NA,Unavailable,,,,,https://theglobaljukebox.org/?share=Tolai-T5430R33,Global Jukebox,,,no audio,Work,Austronesian,kuan1248,,language,,Tolai (not listed in HRAF),Tolai,Melanesia,,aust1307,kuan1248,kuan1248,yes,yes,yes,ksd,No secondary function,No,,,,The song is identified as such in its title or label,"Work song; gathering song //CODING ID 9598 IN GLOBAL JUKEBOX, RELEVANT TEXT IS IN THE DESCRIPTION FIELD//",NA,NA,,,,No,No audio yet,8/15/2018 16:10:33,PWC
no audio,NHS2-0781.wav,Jejere dukuli,NA,Unavailable,,,,,https://theglobaljukebox.org/?share=Tolai-T5430R33,Global Jukebox,,,no audio,Work,Austronesian,kuan1248,,language,,Tolai (not listed in HRAF),Tolai,Melanesia,,aust1307,kuan1248,kuan1248,yes,yes,yes,ksd,No secondary function,No,,,,The song is identified as such in its title or label,"Work song //CODING ID 9599 IN GLOBAL JUKEBOX, RELEVANT TEXT IS IN THE DESCRIPTION FIELD//",NA,NA,,,,No,No audio yet,8/15/2018 16:13:20,PWC
no audio,NHS2-1065.wav,Pipe Dance,NA,Unavailable,,,,,https://imgur.com/a/ZdMEWik,Global Jukebox,,,subject to tribal permission,Dance,Caddoan,arik1262,,language,,"Chahiksichahiks, Pawnee, Caddoan Language",Pawnee,Plains and Plateau,,cadd1255,cadd1255,pawn1254,no,yes,yes,,No secondary function,No,,,,"The song is identified as such in its title or label, There is text in associated ethnography that states what type of song this is (this could be in liner notes, it could be in an email from an anthropologist, etc)","Dance//CODING ID 2241IN GLOBAL JUKEBOX, RELEVANT TEXT IS IN THE GENRE FIELD//","Song from the sacred and complex Pipe Dance ritual; singer was a chief of the Skidi band//CODING ID 2241IN GLOBAL JUKEBOX, RELEVANT TEXT IS IN THE DESCRIPTION FIELD//",NA,"Track not available on GJB, but a copy is in Alan Lomax Collection, American Folklife Center, Library of Congress",,,No,We need to find original recording for this one since it's subject to tribal permission and not playing through GJB. Permalink goes to screenshot of GJB since there was no functioning link directly to the song.,8/25/2018 23:59:24,SAS
NOT MUSIC (this is a poem),NHS2-0434.wav,Grandeur of Mexico,NA,,,,,NOT MUSIC (this is a poem),http://www.worldcat.org/title/in-the-trail-of-the-wind-american-indian-poems-and-ritual-orations/oclc/136520&referer=brief_results,WorldCat,,,print book,Praise,Uto-Aztecan,azte1234,,family,,Aztec,Aztec,Central Mexico,,utoa1244,clas1250,azte1234,no,yes,yes,nci,No secondary function,No,,,,The song is identified as such in its title or label,Praise Song// TITLE IN WORLDCAT//,NA,NA,The provided hyperlink has information on where to find the material.,,,No,,########,JAY
NOT MUSIC (this is a poem),NHS2-0436.wav,Songs of birds,NA,,,,,NOT MUSIC (this is a poem),http://www.worldcat.org/title/in-the-trail-of-the-wind-american-indian-poems-and-ritual-orations/oclc/136520&referer=brief_results,WorldCat,,,print book,Story,Uto-Aztecan,azte1234,,family,,Aztec,Aztec,Central Mexico,,utoa1244,clas1250,azte1234,no,yes,yes,nci,No secondary function,No,,,,The song is identified as such in its title or label,Story Song// TITLE IN WORLDCAT//,NA,NA,The provided hyperlink has information on where to find the song.,,,No,,########,JAY
NOT MUSIC (this is a poem),NHS2-0437.wav,Thus it is told.,NA,,,,,NOT MUSIC (this is a poem),http://www.worldcat.org/title/in-the-trail-of-the-wind-american-indian-poems-and-ritual-orations/oclc/136520&referer=brief_results,WorldCat,,,print book,Story,Uto-Aztecan,azte1234,,family,,Aztec,Aztec,Central Mexico,,utoa1244,clas1250,azte1234,no,yes,yes,nci,No secondary function,No,,,,The song is identified as such in its title or label,Story Song// TITLE IN WORLDCAT//,NA,NA,The provided hyperlink has information on where to find the material.,,,No,,########,JAY
NOT MUSIC (this is a poem),NHS2-0441.wav,Confession of sin,NA,,,,,NOT MUSIC (this is a poem),http://www.worldcat.org/title/sacred-path-spells-prayers-power-songs-of-the-american-indians/oclc/10020978&referer=brief_results,WorldCat,,,this is a book -- no song link?,Healing,Uto-Aztecan,clas1250,,language,,Aztec,Aztec,Central Mexico,,utoa1244,clas1250,clas1250,yes,yes,yes,nci,No secondary function,No,,,,"The song is identified as such in its title or label, There is text in associated ethnography that states what type of song this is (this could be in liner notes, it could be in an email from an anthropologist, etc)",Healing Song// TITLE IN WORLDCAT//,Against sickness and evil,NA,The provided hyperlink gives a link to the material where the song is.,,,No,,########,JAY
NOT MUSIC (this is a poem),NHS2-0442.wav,Cradlesong for Ahuitzotl,NA,,,,,NOT MUSIC (this is a poem),http://www.worldcat.org/title/sacred-path-spells-prayers-power-songs-of-the-american-indians/oclc/10020978&referer=brief_results,WorldCat,,,this is a book,Lullaby,Uto-Aztecan,clas1250,,language,,Aztec,Aztec,Central Mexico,,utoa1244,clas1250,clas1250,yes,yes,yes,nci,No secondary function,No,,,,The song is identified as such in its title or label,Lullaby Song// TITLE IN WORLDCAT//,NA,NA,"The provided hyperlink has the link to the material where the song can be found,",,,No,,########,JAY
NOT MUSIC (this is a poem),NHS2-0443.wav,A widow's lament,NA,,,,,NOT MUSIC (this is a poem),http://www.worldcat.org/title/sacred-path-spells-prayers-power-songs-of-the-american-indians/oclc/10020978&referer=brief_results,WorldCat,,,print book no sound,Mourning,Uto-Aztecan,clas1250,,language,,Aztec,Aztec,Central Mexico,,utoa1244,clas1250,clas1250,yes,yes,yes,nci,No secondary function,No,,,,"The song is identified as such in its title or label, There is text in associated ethnography that states what type of song this is (this could be in liner notes, it could be in an email from an anthropologist, etc)",Mourning Song// TITLE IN WORLDCAT//,For the dying and the dead// TITLE IN WORLDCAT//,NA,The provided hyperlink gives information on where to find the material.,,,No,,########,JAY
NOT MUSIC (this is a poem),NHS2-0444.wav,Prayer to the deceased,NA,,,,,NOT MUSIC (this is a poem),http://www.worldcat.org/title/sacred-path-spells-prayers-power-songs-of-the-american-indians/oclc/10020978&referer=brief_results,WorldCat,,,print book no sound,Mourning,Uto-Aztecan,clas1250,,language,,Aztec,Aztec,Central Mexico,,utoa1244,clas1250,clas1250,yes,yes,yes,nci,No secondary function,No,,,,"The song is identified as such in its title or label, There is text in associated ethnography that states what type of song this is (this could be in liner notes, it could be in an email from an anthropologist, etc)",Mourning Song// TITLE IN WORLDCAT//,For the dying and the dead// TITLE IN WORLDCAT//,NA,The provided link gives information on where to find the material.,,,No,,########,JAY
NOT MUSIC (this is a poem),NHS2-0445.wav,Prayer of the midwife to the goddess of water,NA,,,,,NOT MUSIC (this is a poem),http://www.worldcat.org/title/sacred-path-spells-prayers-power-songs-of-the-american-indians/oclc/10020978&referer=brief_results,WorldCat,,,print book,Work,Uto-Aztecan,clas1250,,language,,Aztec,Aztec,Central Mexico,,utoa1244,clas1250,clas1250,yes,yes,yes,nci,No secondary function,No,,,,The song is identified as such in its title or label,Work Song// TITLE IN WORLDCAT//,NA,NA,The provided hyperlink gives a link to the material where the song is.,,,No,,########,JAY
NOT MUSIC (this is a poem),NHS2-0446.wav,To keep animals out of the cornfield,NA,,,,,NOT MUSIC (this is a poem),http://www.worldcat.org/title/sacred-path-spells-prayers-power-songs-of-the-american-indians/oclc/10020978&referer=brief_results,WorldCat,,,print book,Work,Uto-Aztecan,clas1250,,language,,Aztec,Aztec,Central Mexico,,utoa1244,clas1250,clas1250,yes,yes,yes,nci,No secondary function,No,,,,"The song is identified as such in its title or label, There is text in associated ethnography that states what type of song this is (this could be in liner notes, it could be in an email from an anthropologist, etc)",Work Song// TITLE IN WORLDCAT//,Planting and gathering,NA,The hyperlink gives link to where the material is.,,,No,,########,JAY
NOT MUSIC (this is a poem),NHS2-0452.wav,Love song,NA,,,,,NOT MUSIC (this is a poem),http://www.worldcat.org/title/in-the-trail-of-the-wind-american-indian-poems-and-ritual-orations/oclc/136520&referer=brief_results,WorldCat,,,from a print book,Love,Uto-Aztecan,guer1241,,language,,Nahuatl,Aztec,Central Mexico,,utoa1244,azte1234,azte1234,yes,yes,yes,,No secondary function,No,,,,The song is identified as such in its title or label,Love Song// TITLE IN WORLDCAT//,NA,NA,The provided hyperlink has information about where the song can be found.,,,No,,########,JAY
NOT MUSIC (this is a poem),NHS2-0454.wav,I am the medicine,NA,,,,,NOT MUSIC (this is a poem),http://www.worldcat.org/title/sacred-path-spells-prayers-power-songs-of-the-american-indians/oclc/10020978&referer=brief_results,WorldCat,,,this is a book --no song link here,Healing,Otomanguean,huau1238,,language,,Mazatec,Mazatec,Central Mexico,,otom1299,huau1238,huau1238,yes,yes,yes,mau,No secondary function,No,,,,"The song is identified as such in its title or label, There is text in associated ethnography that states what type of song this is (this could be in liner notes, it could be in an email from an anthropologist, etc)",Healing Song// TITLE IN WORLDCAT//,Against sickness and evil,NA,The hyperlink provides a link to where the material is located.,,,No,,########,JAY
NOT MUSIC (this is a poem),NHS2-0476.wav,Among flowers that enclose us : To a woman loved,NA,,,,,NOT MUSIC (this is a poem),http://www.worldcat.org/title/in-the-trail-of-the-wind-american-indian-poems-and-ritual-orations/oclc/136520&referer=brief_results,WorldCat,,,print book,Love,Otomanguean,mezq1235,,language,,Otomi,Otomi,Central Mexico,,otom1299,mezq1235,mezq1235,yes,yes,yes,ote,No secondary function,No,,,,The song is identified as such in its title or label,Love Song// TITLE IN WORLDCAT//,NA,NA,The provided hyperlink has information on where to find the song.,,,No,,########,JAY
this is a music score not audio,NHS2-0480.wav,Biba manza,NA,,,,,,http://www.worldcat.org/title/folksongs-of-mexico-canciones-de-mexico/oclc/42236366&referer=brief_results,WorldCat,,,no audio,Story,Otomanguean,mezq1235,,language,,Otomi,Otomi,Central Mexico,,otom1299,mezq1235,mezq1235,yes,yes,yes,ote,No secondary function,No,,,,The song is identified as such in its title or label,Story Song// TITLE IN WORLDCAT//,NA,NA,The hyperlink provides link to the material where the song can be found.,,,No,,########,JAY
"no recording available, looks like musical score",NHS2-0708.wav,Death Song of the Cherokee Indians,NA,,,,,,https://www.flutopedia.com/img_Ritson1794_CherokeeSong.htm,Flutopedia,,,no recording,Mourning,Iroquoian,cher1273,,language,,Cherokee,Cherokee,Eastern Woodlands,,iroq1247,cher1273,cher1273,yes,yes,yes,chr,No secondary function,No,,,,"The song is identified as such in its title or label, The lyrics made it clear to me what type of song this is",Mourning //FOLLOWING THE LINK - RELEVANT LABEL IN TRACK TITLE//,NA,"Remember the arrows he shot from his bow, Remember your chiefs by his hatchet laid low, Why so slow? Do you wait 'till I shrink from the pain? No, the son of Alknomook will never complain. Remember the wood where in ambush we lay, and the scalps which we bore from your nation away, Now the flame rises saft, you exult my pain, But the son of Alknomook can never complain. I go to the land where my father is gone, His ghost shall rejoyce in the fame of his son, Death comes like a friend, he relieves me from pain, And thy son, O Alknomook, has scorn'd to complain //FLUTOPEDIA, RELEVANT INFORMATION FROM THE LINK//",,,,No,,12/19/2018 13:58:12,SFS
"broken link, can't track down song",NHS2-0957.wav,Healing Song,"Track 09, Recording 10 from ATC010",,,,,,http://greenstone.ilam.ru.ac.za/cgi-bin/library?e=q-01000-00---0ilam--00-1--0-10-0---0---0prompt-10-DC--4-------0-1l--11-en-50---20-about-healing--00-3-1-00-0011-1-0utfZz-8-00&a=d&c=ilam&srp=0&srn=0&cl=search&d=D28640,ILAM,1,0,broken link,Healing,Khoe-Kwadi,khoe1242,,family,,Sub-Saharan African,Khoisan,Northern Africa,,khoe1240,khoe1242,.,no,.,.,,No secondary function,No,,,,The song is identified as such in its title or label,Healing Song,Traditional healing song with claves accompaniment ; For further details refer to Andrew Tracey cassette tape: ATC010,NA,,,,No,,########,RJW
"subject to tribal permission, unpublished. Name: Sican Dance",NHS2-0997.wav,NA,NA,,,,,,https://theglobaljukebox.org/#,Global Jukebox,,,subject to tribal permission,Dance,Haida,haid1248,,family,,Haida,Haida,Northwest Coast and California,,0,haid1248,haid1248,yes,yes,yes,hai,No secondary function,No,,,,The song is identified as such in its title or label,Sican Dance; repeating song of two phrases//GLOBAL JUKEBOX CODING ID 1501//,NA,NA,,,,No,Global Jukebox says the audio is pending.,7/20/2018 22:49:18,YJS
"subject to tribal permission, unpublished",NHS2-0998.wav,Love Song,NA,,,,,,https://theglobaljukebox.org/#,Global Jukebox,,,subject to tribal permission,Love,Haida,haid1248,,family,,Haida,Haida,Northwest Coast and California,,0,haid1248,.,no,.,.,hai,No secondary function,No,,,,The song is identified as such in its title or label,Love song //GLOBAL JUKEBOX CODING ID 1503 GENRE//,NA,NA,,,,No,Global Jukebox says the audio is pending.,8/13/2018 21:55:12,YJS
"subject to tribal permission, unpublished. Name: Lullaby",NHS2-0999.wav,NA,NA,,,,,,https://theglobaljukebox.org/#,Global Jukebox,,,subject to tribal permission,Lullaby,Haida,haid1248,,family,,Haida,Haida,Northwest Coast and California,,0,haid1248,haid1248,yes,yes,yes,hai,No secondary function,No,,,,The song is identified as such in its title or label,Lullaby; female soloist unaccompanied; in relaxed voice//Global Jukebox Coding ID: 3070//,NA,NA,,,,No,Global Jukebox says the audio is pending.,8/20/2018 9:32:38,YJS
"subject to tribal permission, unpublished",NHS2-1001.wav,NA,Peon Game Song,,,,,,https://theglobaljukebox.org/#,Global Jukebox,0,0,subject to tribal permission,Play,Cochimi-Yuman,ipai1240,,language,,Kumeyaay,Kumeyaay,Northwest Coast and California,,coch1271,kumi1248,kumi1248,yes,yes,yes,dih,Play,No,,,,The song is identified as such in its title or label,Game song//GLOBAL JUKEBOX//Coding ID: 9946,NA,NA,Coding ID: 9946,,,No,Global Jukebox says the audio is pending.,9/29/2018 2:30:55,YJS
"subject to tribal permission, unpublished",NHS2-1006.wav,Homesick Song,NA,,,,,,https://theglobaljukebox.org/#,Global Jukebox,,,subject to tribal permission,Mourning,Tsimshian,nucl1649,,language,,Tsimshian,Tsimshian,Northwest Coast and California,,tsim1258,nucl1649,tsim1258,no,yes,yes,tsi,No secondary function,No,,,,The song is identified as such in its title or label,Nostalgic song; Homesick song; male soloist unaccompanied//GLOBAL JUKEBOX CODING ID 1513//,NA,NA,,,,No,Global Jukebox says the audio is pending.,########,YJS
"subject to tribal permission, unpublished. Name: When going to war",NHS2-1007.wav,NA,NA,,,,,,https://theglobaljukebox.org/#,Global Jukebox,,,subject to tribal permission,Story,Tsimshian,nucl1649,,language,,Tsimshian,Tsimshian,Northwest Coast and California,,tsim1258,nucl1649,tsim1258,no,yes,yes,tsi,No secondary function,No,,,,The song is identified as such in its title or label,"War song; male soloist unaccompanied, 85 years old//GLOBAL JUKEBOX CODING ID 1514//",NA,NA,,,,No,Global Jukebox says the audio is pending.,7/20/2018 6:55:47,YJS
"subject to tribal permission, unpublished",NHS2-1009.wav,Bone Game Song,NA,,,,,,https://theglobaljukebox.org/#,Global Jukebox,,,subject to tribal permission,Play,Salishan,sali1255,,family,,Salish,Salish,Northwest Coast and California,,0,sali1255,sali1255,yes,yes,yes,,No secondary function,No,,,,The song is identified as such in its title or label,Game song; bone game song//GLOBAL JUKEBOX//Coding ID: 9949,NA,NA,Coding ID: 9949,,,No,Global Jukebox says the audio is pending,9/29/2018 0:42:38,YJS
"subject to tribal permission, unpublished",NHS2-1010.wav,Gambling Song,NA,,,,,,https://theglobaljukebox.org/#,Global Jukebox,,,subject to tribal permission,Play,Salishan,till1254,,language,,Siletz,Siletz,Northwest Coast and California,,sali1255,.,till1254,no,.,.,#N/A,No secondary function,No,,,,The song is identified as such in its title or label,Gambling Song//GLOBAL JUKEBOX//Coding ID: 1524,NA,NA,Coding ID: 1524,,,No,Global Jukebox says the audio is pending,9/29/2018 0:34:02,YJS
"subject to tribal permission, unpublished",NHS2-1012.wav,Hand Game Song,NA,,,,,,https://theglobaljukebox.org/#,Global Jukebox,,,subject to tribal permission,Play,Yokutsan,yoku1256,vall1251,language,,Southern Valley Yokuts,Yokuts,Northwest Coast and California,,yoku1255,vall1251,yoku1255,no,unknown,yes,,No secondary function,No,,,,The song is identified as such in its title or label,Hand game song; game song//GLOBAL JUKEBOX//Coding ID: 9944,NA,NA,Coding ID: 9944,,,No,Global Jukebox says the audio is pending.,9/29/2018 2:15:26,YJS
"subject to tribal permission, unpublished",NHS2-1013.wav,Curing Song,NA,,,,,,https://theglobaljukebox.org/#,Global Jukebox,,,subject to tribal permission,Healing,Algic,yuro1248,,language,,Olekwol (Yurok),Yurok,Northwest Coast and California,,algi1248,yuro1248,yuro1248,yes,yes,yes,yur,No secondary function,No,,,,The song is identified as such in its title or label,Healing song//GLOBAL JUKEBOX//Coding ID: 9950,NA,NA,Coding ID: 9950,,,No,Global Jukebox says the audio is pending.,9/29/2018 0:40:14,YJS
"subject to tribal permission, unpublished",NHS2-1074.wav,War Dance 2,NA,,,,,,https://theglobaljukebox.org/?share=Ka'igwu-T1452.4,Global Jukebox,,,subject to tribal permission,Dance,Kiowa-Tanoan,kiow1266,,language,,Ka'igwu (Kiowa Language) Alternate names listed: Kiowa; kgwu; Cáuigù; Gaigwu; Kaigwu,Kiowa,Plains and Plateau,,kiow1265,kiow1266,kiow1264,no,no,no,kio,No secondary function,No,,,,The song is identified as such in its title or label,"Dance//WAR DANCE SONG, RELEVANT TEXT IN GENRE FIELD//","Pronounced rhythm; singers sit in the center of an arena and beat a large rawhide drum and mention of A group of performers///CODING ID 1879 IN GLOBAL JUKEBOX, RELEVANT TEXT IS IN THE DESCRIPTION FIELD AND PERFORMERS FIELD//",NA,"Search ""Kiowa"" on Global Jukebox Map to Find War Dance 2",,,No,"Recording is subject to tribal permission and does not play. Search Kiowa and find ""War Dance 2""",6/27/2018 13:45:24,SAS
Duplicate of NHS2-0761,NHS2-1292.wav,Wailing for Sick Man,NA,,,,,,https://theglobaljukebox.org/#,Global Jukebox,,,repeat of above,Healing,Nuclear Trans New Guinea,casu1237,,language,,Coastal Asmat,Coastal Asmat,Southeast Asia,,nucl1709,asma1257,casu1237,no,yes,yes,,No secondary function,No,,,,"The song is identified as such in its title or label, There is text in associated ethnography that states what type of song this is (this could be in liner notes, it could be in an email from an anthropologist, etc)",Healing song; holler // GLOBAL JUKEBOX Coding ID: 9970 //,Wailing and hollering for a sick man // GLOBAL JUKEBOX DESCRIPTION FIELD //,NA,"Hyperlink unavailable; Audio File ID: T5571R27, Lomax Source: T3179.4.",Yes,3,Yes,,6/21/2018 18:20:58,JCS
Duplicate of NHS2-1350,NHS2-1349.wav,Wedding Song,NA,,,,,"Duplicate of below (Wedding song, row 1353)",https://theglobaljukebox.org/#,Global Jukebox,,,repeat of above,Procession,Austroasiatic,west2396,,language,,Lua,Lua,Southeast Asia,,aust1305,west2396,luaa1235,no,unknown,unknown,lcp,wedding,No,,,,The song is identified as such in its title or label,Wedding song // GLOBAL JUKEBOX CODING ID 3398 //,NA,NA,"Audio File ID: T5420R26. Publication/Collection: Peter Kunstadter Collection: Traditional music of the Lua (Lawa), collected at Mae Hongson Province, 1964. Tape II.",Yes,5,Yes,,6/20/2018 0:58:34,JCS
duplicate,NHS2-1351.wav,Planting Song,NA,,,,,"Duplicate of below (Planting song, row 1354)",https://theglobaljukebox.org/#,Global Jukebox,,,repeat of above,Work,Austroasiatic,west2396,,language,,Lua,Lua,Southeast Asia,,aust1305,west2396,luaa1235,no,unknown,unknown,lcp,No secondary function,No,,,,"The song is identified as such in its title or label, There is text in associated ethnography that states what type of song this is (this could be in liner notes, it could be in an email from an anthropologist, etc)",Planting song; agricultural song; work song // GLOBAL JUKEBOX Coding ID: 3393 //,Male soloist singing over the sound of his planting stick striking soil; planting sticks used here have slits with a striker set inside that emits a tone when struck on a suface // DESCRIPTION FIELD IN GLOBAL JUKEBOX //,NA,"Publication/Collection: Peter Kunstadter Collection: Traditional music of the Lua (Lawa), collected at Mae Hongson Province, 1964. Tape II. Audio File ID: T5420R24.",Yes,5,Yes,,6/20/2018 0:56:47,JCS
Duplicate of NHS2-1525,NHS2-1524.wav,Lamnandi Ugolohlanq,NA,,,,,,http://media.theglobaljukebox.org/audio/T5452R25.mp3,Global Jukebox,,,repeat of above,Praise,Atlantic-Congo,xhos1239,mpon1252,language,,Pondo,Pondo,Southern Africa,bant1294,atla1278,mpon1252,pond1249,no,yes,yes,,No secondary function,No,,,,The song is identified as such in its title or label,"Praise song //GLOBAL JUKEBOX CODING ID 276, GENRE FIELD//","Praise song; That Has Fetched This Person; composed by Nomaswiti Citaumvano; recorded at Miss Carter's store //GLOBAL JUKEBOX CODING ID 276, DESCRIPTION FIELD//",NA,,Yes,6,Yes,,5/21/2018 11:54:35,AMB
Duplicate of NHS2-1624,NHS2-1608.wav,Funeral Song,No track number Lomax Source: 1B2.B7; WFS3.10,,,,,repeat song,https://theglobaljukebox.org/?share=Seri-T5405R43,Global Jukebox,,,subject to tribal permission,Mourning,Cochimi-Yuman,hava1248,wala1270,language,,Hualpai alt. Names Hwalbay not found on eHARF,Hualapai,Southwest and Basin,,coch1271,.,.,.,.,.,#N/A,No secondary function,No,,,,The song is identified as such in its title or label,"Funeral Song //CODING ID 199 IN GLOBAL JUKEBOX, RELEVANT TEXT IS IN THE TITLE FIELD//","Funeral; Mourning Song //CODING ID 199 IN GLOBAL JUKEBOX, RELEVANT TEXT IS IN THE GENRE FIELD//",NA,,,,No,,12/28/2018 20:32:59,BSG
Duplicate of NHS2-1624,NHS2-1623.wav,Death Song 2,No track number Lomax Source: T1618.10,,,,,repeat of the song below,https://theglobaljukebox.org/?share=Seri-T5405R43,Global Jukebox,,,subject to tribal permission,Mourning,Cochimi-Yuman,moha1256,,language,,Aha Makhav not found on eHARF,Aha Makhav,Southwest and Basin,,coch1271,moha1256,moha1256,yes,yes,yes,mov,No secondary function,No,,,,"The song is identified as such in its title or label, There is text in associated ethnography that states what type of song this is (this could be in liner notes, it could be in an email from an anthropologist, etc)","Death Song //CODING ID 2015 IN GLOBAL JUKEBOX, RELEVANT TEXT IS IN THE TITLE FIELD//","Mourning; Death Song //CODING ID 2015 IN GLOBAL JUKEBOX, RELEVANT TEXT IS IN THE GENRE FIELD//",NA,,,,No,"Global Jukebox says the audio is ""subject to tribal permission""",12/28/2018 20:38:11,BSG