song,type,region,glottocode
NHS2-SZHN,Mourning,Amazon and Orinoco,gali1262
NHS2-YYR4,Mourning,Amazon and Orinoco,boro1282
NHS2-DYV5,Work,Amazon and Orinoco,boro1282
NHS2-LFHL,Healing,Amazon and Orinoco,gali1262
NHS2-INOD,Mourning,Amazon and Orinoco,gali1262
NHS2-CQFQ,Lullaby,Amazon and Orinoco,juru1256
NHS2-8NOH,Story,Amazon and Orinoco,kama1373
NHS2-6SKT,Play,Amazon and Orinoco,kana1291
NHS2-IZWB,Dance,Amazon and Orinoco,kara1500
NHS2-AOIU,Lullaby,Amazon and Orinoco,kara1500
NHS2-3OQR,Praise,Amazon and Orinoco,kaya1330
NHS2-TL0L,Procession,Amazon and Orinoco,kaya1330
NHS2-5U0S,Dance,Amazon and Orinoco,kuik1246
NHS2-RKZ9,Work,Amazon and Orinoco,maku1246
NHS2-1S3V,Healing,Amazon and Orinoco,maqu1238
NHS2-42SL,Healing,Amazon and Orinoco,pume1238
NHS2-4ZIM,Dance,Amazon and Orinoco,sara1340
NHS2-S7PH,Story,Amazon and Orinoco,sara1340
NHS2-XNFH,Story,Amazon and Orinoco,sara1340
NHS2-1EIA,Story,Amazon and Orinoco,sara1340
NHS2-KZ4O,Work,Amazon and Orinoco,sara1340
NHS2-XDF4,Love,Amazon and Orinoco,wara1303
NHS2-UXKZ,Lullaby,Amazon and Orinoco,wara1303
NHS2-UWXD,Love,Amazon and Orinoco,waya1269
NHS2-OP3Q,Story,Amazon and Orinoco,yano1262
NHS2-O9JH,Work,Amazon and Orinoco,macu1259
NHS2-O8KV,Dance,Amazon and Orinoco,yawa1261
NHS2-K74G,Healing,Amazon and Orinoco,yawa1261
NHS2-A0SS,Story,Amazon and Orinoco,yawa1261
NHS2-O8Q2,Praise,Arctic and Subarctic,cent2127
NHS2-U13X,Love,Arctic and Subarctic,chip1241
NHS2-OAN3,Dance,Arctic and Subarctic,east2534
NHS2-HDX7,Lullaby,Arctic and Subarctic,east2534
NHS2-WBOH,Lullaby,Arctic and Subarctic,east2534
NHS2-DAQN,Play,Arctic and Subarctic,east2534
NHS2-V02B,Play,Arctic and Subarctic,east2534
NHS2-404H,Dance,Arctic and Subarctic,nort2943
NHS2-JNHY,Story,Arctic and Subarctic,nort2943
NHS2-M7UO,Healing,Arctic and Subarctic,nort2961
NHS2-9ZG2,Dance,Arctic and Subarctic,ojib1241
NHS2-ZW00,Dance,Arctic and Subarctic,west2618
NHS2-VXQK,Story,Arctic and Subarctic,west2618
NHS2-K5DQ,Dance,Arctic and Subarctic,east2534
NHS2-XOBH,Healing,Arctic and Subarctic,east2534
NHS2-WX18,Story,Arctic and Subarctic,east2534
NHS2-IPI1,Lullaby,Arctic and Subarctic,gree1280
NHS2-8OCR,Mourning,Arctic and Subarctic,gree1280
NHS2-L9T3,Play,Arctic and Subarctic,gree1280
NHS2-FOJU,Story,Arctic and Subarctic,gree1280
NHS2-1BVB,Mourning,Australia,djap1238
NHS2-3EPZ,Dance,Australia,yuul1239
NHS2-TLF3,Dance,Australia,yuul1239
NHS2-A55H,Love,Australia,dhuw1249
NHS2-41ON,Dance,Australia,miri1266
NHS2-R2MC,Story,Australia,gugu1254
NHS2-BLMM,Story,Australia,gunw1252
NHS2-6CQJ,Love,Australia,iwai1244
NHS2-GJ4X,Lullaby,Australia,kabi1260
NHS2-7NEZ,Lullaby,Australia,lard1243
NHS2-HUX8,Praise,Australia,meri1244
NHS2-R2YS,Work,Australia,meri1244
NHS2-0TA2,Love,Australia,wala1272
NHS2-O4JO,Dance,Australia,bard1255
NHS2-G6Z0,Praise,Australia,pitj1243
NHS2-D455,Dance,Australia,pitj1243
NHS2-EIPU,Praise,Australia,pitj1243
NHS2-7TO4,Dance,Australia,wadj1254
NHS2-FBJU,Procession,Australia,warl1254
NHS2-QFKF,Story,Australia,worr1236
NHS2-BATN,Love,Australia,worr1236
NHS2-EOE6,Dance,Australia,worr1237
NHS2-A7EF,Mourning,Australia,wika1238
NHS2-E2BN,Dance,Australia,woro1258
NHS2-DJGN,Story,Australia,wuna1249
NHS2-5D0K,Story,Australia,wuna1249
NHS2-KIWV,Dance,Australia,yuul1239
NHS2-LY5K,Story,British Isles,ulst1241
NHS2-9AU4,Story,British Isles,ulst1241
NHS2-64UT,Work,British Isles,ulst1241
NHS2-ELN7,Dance,British Isles,scot1245
NHS2-719E,Love,British Isles,scot1245
NHS2-L24F,Lullaby,British Isles,scot1245
NHS2-TMH3,Praise,British Isles,scot1245
NHS2-YY9J,Love,British Isles,stan1293
NHS2-JEDY,Love,British Isles,stan1293
NHS2-PUMI,Lullaby,British Isles,scot1245
NHS2-JYMK,Mourning,British Isles,stan1293
NHS2-J3ZC,Play,British Isles,stan1293
NHS2-F1L8,Play,British Isles,stan1293
NHS2-UE7S,Play,British Isles,lowe1445
NHS2-1PUD,Play,British Isles,stan1293
NHS2-JD8G,Procession,British Isles,stan1293
NHS2-ACA2,Story,British Isles,iris1255
NHS2-LEIP,Story,British Isles,iris1255
NHS2-VBI9,Story,British Isles,stan1293
NHS2-5IBT,Story,British Isles,stan1293
NHS2-3LQ4,Dance,Caribbean,anti1245
NHS2-1JW6,Dance,Caribbean,anti1245
NHS2-ERLW,Lullaby,Caribbean,anti1245
NHS2-IX9E,Story,Caribbean,anti1245
NHS2-S2B4,Work,Caribbean,anti1245
NHS2-F1GZ,Work,Caribbean,anti1245
NHS2-ISYT,Dance,Caribbean,gren1247
NHS2-ZX7S,Dance,Caribbean,gren1247
NHS2-ULTX,Dance,Caribbean,gren1247
NHS2-P5OG,Lullaby,Caribbean,gren1247
NHS2-MRNQ,Lullaby,Caribbean,less1242
NHS2-49MA,Dance,Caribbean,gren1247
NHS2-D4UW,Mourning,Caribbean,gren1247
NHS2-DNKN,Procession,Caribbean,gren1247
NHS2-0NEA,Play,Caribbean,gren1247
NHS2-8RLI,Story,Caribbean,gren1247
NHS2-5AW1,Dance,Caribbean,guad1242
NHS2-S1ZI,Dance,Caribbean,guad1242
NHS2-3NY3,Dance,Caribbean,guad1242
NHS2-5FGZ,Work,Caribbean,guad1242
NHS2-484H,Love,Caribbean,hait1244
NHS2-FUAL,Dance,Caribbean,hait1244
NHS2-MV8X,Play,Caribbean,hait1244
NHS2-DL2Z,Dance,Caribbean,sain1246
NHS2-BM3C,Dance,Caribbean,mart1259
NHS2-6W0X,Mourning,Caribbean,domi1242
NHS2-29EL,Play,Caribbean,jama1262
NHS2-ONH7,Story,Caribbean,stan1288
NHS2-2UPM,Lullaby,Caribbean,less1242
NHS2-8CML,Lullaby,Caribbean,gren1247
NHS2-9MP5,Lullaby,Caribbean,gren1247
NHS2-F27V,Praise,Caribbean,stan1288
NHS2-WLMB,Praise,Caribbean,stan1288
NHS2-TBMU,Dance,Caucasus,abkh1244
NHS2-KK34,Mourning,Caucasus,abkh1244
NHS2-NLXG,Mourning,Caucasus,abkh1244
NHS2-U0D9,Praise,Caucasus,abkh1244
NHS2-2PAA,Praise,Caucasus,abkh1244
NHS2-AGW9,Praise,Caucasus,abkh1244
NHS2-M2XD,Procession,Caucasus,abkh1244
NHS2-Z8E6,Praise,Caucasus,abkh1244
NHS2-6HQM,Story,Caucasus,abkh1244
NHS2-8K9B,Work,Caucasus,abkh1244
NHS2-Y6V2,Love,Caucasus,nort2697
NHS2-LCV6,Dance,Caucasus,nucl1235
NHS2-XQPR,Dance,Caucasus,nucl1235
NHS2-P36L,Dance,Caucasus,nucl1302
NHS2-A57S,Dance,Caucasus,nucl1302
NHS2-JM0N,Dance,Caucasus,osse1245
NHS2-IOK8,Healing,Caucasus,nucl1302
NHS2-43S3,Healing,Caucasus,nucl1302
NHS2-46GT,Love,Caucasus,nucl1302
NHS2-FY2K,Love,Caucasus,nucl1302
NHS2-OFQP,Lullaby,Caucasus,nucl1302
NHS2-1WCG,Mourning,Caucasus,nucl1302
NHS2-6NQQ,Mourning,Caucasus,nucl1302
NHS2-1E7A,Work,Caucasus,nucl1302
NHS2-JZ6W,Praise,Caucasus,nucl1302
NHS2-KEYP,Procession,Caucasus,nucl1302
NHS2-M0AP,Story,Caucasus,nucl1302
NHS2-SHDA,Work,Caucasus,nucl1302
NHS2-TNEF,Work,Caucasus,nucl1302
NHS2-WVCH,Work,Caucasus,nucl1302
NHS2-HDCR,Work,Caucasus,nucl1302
NHS2-PBI3,Love,Caucasus,nucl1235
NHS2-OW5R,Love,Caucasus,nucl1235
NHS2-985K,Love,Caucasus,cent1972
NHS2-AMLT,Healing,Caucasus,nucl1302
NHS2-Y649,Dance,Central Africa,akan1250
NHS2-B0QQ,Lullaby,Central Africa,akan1250
NHS2-GOPJ,Dance,Central Africa,aush1241
NHS2-S814,Story,Central Africa,bant1295
NHS2-DMS2,Healing,Central Africa,bila1255
NHS2-J6LT,Praise,Central Africa,chad1249
NHS2-8GIQ,Lullaby,Central Africa,tebu1238
NHS2-B9PR,Dance,Central Africa,cent2225
NHS2-T8UF,Love,Central Africa,fang1246
NHS2-MU8R,Love,Central Africa,kiny1244
NHS2-RFNO,Healing,Central Africa,koyo1242
NHS2-N9YG,Lullaby,Central Africa,lito1235
NHS2-0DXY,Play,Central Africa,lito1235
NHS2-C15J,Play,Central Africa,lito1235
NHS2-RCBL,Play,Central Africa,lito1235
NHS2-XWL8,Procession,Central Africa,luba1249
NHS2-IKPC,Dance,Central Africa,mong1338
NHS2-SE7M,Lullaby,Central Africa,nort2775
NHS2-15NH,Work,Central Africa,nsen1242
NHS2-DGJS,Work,Central Africa,phen1239
NHS2-L177,Mourning,Central Africa,poke1238
NHS2-E7QN,Work,Central Africa,poke1238
NHS2-UL4E,Healing,Central Africa,west2458
NHS2-M0QV,Healing,Central Africa,west2721
NHS2-50PO,Story,Central Africa,yaka1272
NHS2-HBHZ,Story,Central Africa,bamb1264
NHS2-YTTL,Dance,Central America,gari1256
NHS2-K0S3,Love,Central America,vinc1243
NHS2-13WN,Love,Central America,gari1256
NHS2-LO2V,Dance,Central America,gari1256
NHS2-L4ES,Praise,Central America,gari1256
NHS2-ATWM,Story,Central America,misk1235
NHS2-O0LK,Story,Central America,misk1235
NHS2-WQYY,Story,Central America,west2854
NHS2-IE0N,Story,Central America,sana1297
NHS2-R2EN,Story,Central America,nica1252
NHS2-5BTW,Healing,Central America,nort2972
NHS2-KSRM,Healing,Central America,nort2972
NHS2-SF43,Dance,Central America,pipi1250
NHS2-PX6B,Healing,Central America,sanb1242
NHS2-E1MN,Lullaby,Central America,sanb1242
NHS2-2KUR,Lullaby,Central America,sanb1242
NHS2-HRC7,Love,Central America,stan1288
NHS2-PB4T,Lullaby,Central America,stan1288
NHS2-X1WQ,Lullaby,Central America,stan1288
NHS2-J69Y,Lullaby,Central America,stan1288
NHS2-9TJI,Praise,Central America,stan1288
NHS2-ZCTI,Praise,Central America,stan1288
NHS2-AD22,Praise,Central America,stan1288
NHS2-7J2N,Praise,Central America,stan1288
NHS2-S6AP,Praise,Central America,stan1288
NHS2-DGE5,Story,Central America,nica1252
NHS2-3H55,Healing,Central America,sanb1242
NHS2-7HG1,Lullaby,Central America,sanb1242
NHS2-6U9V,Dance,Central Andes,coca1259
NHS2-DG59,Love,Central Andes,ayac1239
NHS2-6NUZ,Mourning,Central Andes,ayac1239
NHS2-ERSV,Praise,Central Andes,ayac1239
NHS2-LEX9,Work,Central Andes,ayac1239
NHS2-JRIA,Lullaby,Central Andes,cent2142
NHS2-706E,Mourning,Central Andes,nucl1667
NHS2-42H9,Work,Central Andes,cent2142
NHS2-EPF6,Lullaby,Central Andes,cusc1236
NHS2-MY33,Procession,Central Andes,cusc1236
NHS2-74S4,Story,Central Andes,cusc1236
NHS2-9P04,Lullaby,Central Andes,ship1254
NHS2-CN26,Dance,Central Andes,jiva1245
NHS2-4H1R,Procession,Central Andes,sout2991
NHS2-FVGG,Procession,Central Andes,sout2996
NHS2-YCNL,Love,Central Andes,cusc1236
NHS2-2FZK,Love,Central Asia,bukh1238
NHS2-340R,Love,Central Asia,bukh1238
NHS2-C2VY,Dance,Central Asia,bukh1238
NHS2-CS8N,Mourning,Central Asia,buru1296
NHS2-R09B,Love,Central Asia,dari1249
NHS2-LF3O,Lullaby,Central Asia,kara1467
NHS2-ZTKY,Work,Central Asia,kaza1248
NHS2-FM7L,Story,Central Asia,kirg1245
NHS2-URYE,Work,Central Asia,nort2646
NHS2-VVZF,Love,Central Asia,taji1245
NHS2-UJ0X,Love,Central Asia,taji1245
NHS2-7M2U,Love,Central Asia,taji1245
NHS2-BPA8,Love,Central Asia,taji1245
NHS2-M00Z,Praise,Central Asia,shug1248
NHS2-G277,Healing,Central Asia,tuvi1240
NHS2-2ZO6,Lullaby,Central Asia,tuvi1240
NHS2-0NQ8,Mourning,Central Asia,tuvi1240
NHS2-KZJ0,Praise,Central Asia,tuvi1240
NHS2-YG7G,Healing,Central Asia,uigh1240
NHS2-MWH7,Love,Central Asia,uigh1240
NHS2-P5JI,Story,Central Asia,kaza1248
NHS2-24OH,Dance,Central Asia,taji1245
NHS2-P7C5,Love,Central Asia,taji1245
NHS2-XQVH,Work,Central Europe,bava1246
NHS2-7A2U,Love,Central Europe,czec1258
NHS2-XYGX,Lullaby,Central Europe,czec1258
NHS2-E879,Dance,Central Europe,hung1274
NHS2-IU31,Lullaby,Central Europe,hung1274
NHS2-LVNB,Mourning,Central Europe,hung1274
NHS2-I7H2,Mourning,Central Europe,hung1274
NHS2-YN1A,Work,Central Europe,hung1274
NHS2-D7UD,Praise,Central Europe,kash1274
NHS2-G82R,Dance,Central Europe,poli1260
NHS2-9RD9,Mourning,Central Europe,roma1327
NHS2-BZJ0,Procession,Central Europe,roma1327
NHS2-HELI,Love,Central Europe,slov1269
NHS2-3370,Lullaby,Central Europe,stan1295
NHS2-0NL4,Story,Central Europe,stan1295
NHS2-QR1J,Work,Central Europe,stan1295
NHS2-TTHU,Work,Central Europe,stan1295
NHS2-6R84,Work,Central Europe,lowg1239
NHS2-HO68,Work,Central Mexico,elna1235
NHS2-966Z,Work,Central Mexico,elna1235
NHS2-QIQS,Healing,Central Mexico,huau1238
NHS2-VA7K,Dance,Central Mexico,huic1243
NHS2-UYG4,Dance,Central Mexico,huic1243
NHS2-XTHW,Healing,Central Mexico,huic1243
NHS2-5W5A,Procession,Central Mexico,huic1243
NHS2-UDOB,Play,Central Mexico,mezq1235
NHS2-2C5Q,Love,Central Mexico,pure1242
NHS2-3XWB,Love,Central Mexico,pure1242
NHS2-0NMW,Praise,Central Mexico,pure1242
NHS2-0CO2,Love,Central Mexico,pure1242
NHS2-AZDQ,Story,Central Mexico,stan1288
NHS2-OS0A,Story,Central Mexico,stan1288
NHS2-EYN4,Story,Central Mexico,stan1288
NHS2-UOE5,Story,Central Mexico,stan1288
NHS2-3WPM,Story,Central Mexico,stan1288
NHS2-5H86,Dance,East Asia,ainu1240
NHS2-KTO4,Love,East Asia,ainu1240
NHS2-4RBL,Lullaby,East Asia,ainu1240
NHS2-R4T4,Work,East Asia,amis1246
NHS2-6N1B,Love,East Asia,atay1247
NHS2-NSJK,Praise,East Asia,bunu1267
NHS2-BK1J,Healing,East Asia,bunu1267
NHS2-P3GF,Healing,East Asia,bunu1267
NHS2-CDWZ,Work,East Asia,bunu1267
NHS2-VBEZ,Lullaby,East Asia,cent2126
NHS2-0459,Work,East Asia,cent2126
NHS2-JWTY,Healing,East Asia,kore1280
NHS2-ZWHJ,Mourning,East Asia,kore1280
NHS2-NQ2U,Story,East Asia,kore1280
NHS2-5THI,Story,East Asia,kore1280
NHS2-IAY0,Story,East Asia,kore1280
NHS2-U1QE,Work,East Asia,kore1280
NHS2-2OS6,Work,East Asia,mand1415
NHS2-PFF9,Love,East Asia,nucl1643
NHS2-XD70,Play,East Asia,nucl1643
NHS2-BLC6,Story,East Asia,nucl1643
NHS2-Z83P,Work,East Asia,nucl1643
NHS2-7XOX,Work,East Asia,nucl1643
NHS2-WBRK,Procession,East Asia,paiw1248
NHS2-QKS7,Work,East Asia,puyu1239
NHS2-SAZD,Work,East Asia,puyu1239
NHS2-506Y,Love,East Asia,ruka1240
NHS2-BBPJ,Dance,East Asia,nort2935
NHS2-4KJ4,Love,East Asia,okin1245
NHS2-FLYQ,Mourning,East Asia,nort2935
NHS2-ED96,Dance,East Asia,nort2935
NHS2-I88T,Love,East Asia,baic1239
NHS2-X0I4,Story,East Asia,yami1254
NHS2-RCXO,Praise,East Asia,kore1280
NHS2-Z178,Dance,East Asia,nucl1643
NHS2-VRBB,Lullaby,Eastern Africa,acol1236
NHS2-P594,Play,Eastern Africa,acol1236
NHS2-79G9,Work,Eastern Africa,afar1241
NHS2-Z7UP,Play,Eastern Africa,alur1250
NHS2-C07W,Love,Eastern Africa,amha1245
NHS2-HFUR,Praise,Eastern Africa,amha1245
NHS2-BU0J,Lullaby,Eastern Africa,chig1238
NHS2-OEHE,Procession,Eastern Africa,dizi1235
NHS2-NIM5,Healing,Eastern Africa,gand1255
NHS2-GXXC,Lullaby,Eastern Africa,gand1255
NHS2-O5RD,Play,Eastern Africa,gand1255
NHS2-QQ8E,Play,Eastern Africa,kara1483
NHS2-3U9L,Procession,Eastern Africa,kara1483
NHS2-0ERR,Work,Eastern Africa,kara1483
NHS2-2G3N,Play,Eastern Africa,kups1238
NHS2-NHW2,Story,Eastern Africa,madi1260
NHS2-BMGH,Dance,Eastern Africa,masa1300
NHS2-F8W7,Lullaby,Eastern Africa,nyan1315
NHS2-U904,Play,Eastern Africa,soga1242
NHS2-KHKQ,Mourning,Eastern Africa,pari1256
NHS2-61T0,Lullaby,Eastern Europe,esto1258
NHS2-YJU7,Story,Eastern Europe,komi1269
NHS2-155V,Lullaby,Eastern Europe,latv1249
NHS2-9HTB,Lullaby,Eastern Europe,lith1251
NHS2-06FQ,Dance,Eastern Europe,russ1263
NHS2-AO12,Dance,Eastern Europe,russ1263
NHS2-EOY7,Love,Eastern Europe,russ1263
NHS2-7TL9,Love,Eastern Europe,russ1263
NHS2-5S2Y,Lullaby,Eastern Europe,russ1263
NHS2-UBTJ,Lullaby,Eastern Europe,russ1263
NHS2-4IIR,Mourning,Eastern Europe,russ1263
NHS2-UY25,Play,Eastern Europe,russ1263
NHS2-1C8B,Play,Eastern Europe,russ1263
NHS2-FMYE,Play,Eastern Europe,russ1263
NHS2-RNFL,Procession,Eastern Europe,russ1263
NHS2-10S6,Procession,Eastern Europe,russ1263
NHS2-ZVHE,Work,Eastern Europe,russ1263
NHS2-MGHC,Dance,Eastern Europe,udmu1245
NHS2-UH4B,Love,Eastern Europe,udmu1245
NHS2-ZHE1,Lullaby,Eastern Europe,udmu1245
NHS2-17SD,Mourning,Eastern Europe,udmu1245
NHS2-44OX,Play,Eastern Europe,udmu1245
NHS2-I699,Work,Eastern Europe,mari1278
NHS2-NA1E,Healing,Eastern Europe,udmu1245
NHS2-3DYT,Dance,Eastern Europe,latv1249
NHS2-B7OB,Lullaby,Eastern Europe,lith1251
NHS2-YJW0,Dance,Eastern South America,krah1246
NHS2-V7CJ,Story,Eastern South America,xakr1238
NHS2-7YXU,Mourning,Eastern South America,kain1272
NHS2-X35A,Lullaby,Eastern South America,kara1500
NHS2-K4KT,Story,Eastern South America,kuik1246
NHS2-JIGG,Story,Eastern South America,kuik1246
NHS2-CRM7,Story,Eastern South America,kuik1246
NHS2-0OOB,Story,Eastern South America,kuik1246
NHS2-BCPU,Dance,Eastern South America,pali1279
NHS2-7SRW,Love,Eastern South America,para1319
NHS2-613U,Dance,Eastern South America,port1283
NHS2-56CV,Healing,Eastern South America,port1283
NHS2-ALKM,Healing,Eastern South America,port1283
NHS2-F57Y,Healing,Eastern South America,port1283
NHS2-G35E,Procession,Eastern South America,port1283
NHS2-E9PI,Procession,Eastern South America,port1283
NHS2-PC3P,Procession,Eastern South America,port1283
NHS2-1GHP,Work,Eastern South America,port1283
NHS2-DX7L,Healing,Eastern South America,trio1238
NHS2-SBII,Lullaby,Eastern South America,tupi1276
NHS2-HXRM,Dance,Eastern South America,waya1269
NHS2-1O99,Dance,Eastern South America,waya1269
NHS2-2RHZ,Healing,Eastern South America,waya1269
NHS2-25NZ,Praise,Eastern South America,waya1269
NHS2-U21V,Healing,Eastern Woodlands,cayu1261
NHS2-UGUF,Lullaby,Eastern Woodlands,cher1273
NHS2-Z441,Story,Eastern Woodlands,mika1239
NHS2-GPDW,Healing,Eastern Woodlands,mika1239
NHS2-PGOU,Story,Eastern Woodlands,mika1239
NHS2-KWD9,Love,Eastern Woodlands,mikm1235
NHS2-TOVS,Praise,Eastern Woodlands,mikm1235
NHS2-TVDK,Story,Eastern Woodlands,onei1249
NHS2-12A9,Dance,Eastern Woodlands,onon1246
NHS2-179A,Dance,Eastern Woodlands,sene1264
NHS2-PC0R,Dance,Eastern Woodlands,sene1264
NHS2-PCBC,Dance,Eastern Woodlands,sene1264
NHS2-7HRT,Healing,Eastern Woodlands,sene1264
NHS2-2OQH,Healing,Eastern Woodlands,sene1264
NHS2-5C46,Mourning,Eastern Woodlands,sene1264
NHS2-KQ7F,Praise,Eastern Woodlands,sene1264
NHS2-XJDQ,Procession,Eastern Woodlands,sene1264
NHS2-O4O6,Procession,Maya Area,gari1256
NHS2-7LJJ,Procession,Maya Area,gari1256
NHS2-UVHG,Story,Maya Area,gari1256
NHS2-7O44,Story,Maya Area,gari1256
NHS2-D9WG,Work,Maya Area,gari1256
NHS2-9EQ3,Lullaby,Maya Area,gari1256
NHS2-GYY9,Lullaby,Maya Area,gari1256
NHS2-131U,Dance,Maya Area,gari1256
NHS2-AHRQ,Mourning,Maya Area,gari1256
NHS2-YDIO,Love,Maya Area,guer1241
NHS2-CQH0,Lullaby,Maya Area,guer1241
NHS2-TGEC,Procession,Maya Area,ixil1251
NHS2-OPGO,Lullaby,Maya Area,kekc1242
NHS2-BBYW,Love,Maya Area,ladi1251
NHS2-58Q4,Play,Maya Area,stan1288
NHS2-MLGC,Play,Maya Area,stan1288
NHS2-27QB,Mourning,Maya Area,maya1287
NHS2-P2A1,Dance,Maya Area,tzot1259
NHS2-BUR0,Healing,Maya Area,yuca1254
NHS2-60XM,Lullaby,Maya Area,stan1288
NHS2-OTJS,Dance,Maya Area,maya1287
NHS2-U16R,Healing,Melanesia,sepi1257
NHS2-LKVC,Lullaby,Melanesia,baeg1237
NHS2-JZTN,Story,Melanesia,baeg1237
NHS2-NGPL,Story,Melanesia,fata1245
NHS2-1FS4,Praise,Melanesia,kala1377
NHS2-TQBZ,Mourning,Melanesia,kaul1240
NHS2-B3BI,Work,Melanesia,pura1257
NHS2-5M11,Work,Melanesia,aman1265
NHS2-76SZ,Procession,Melanesia,kuma1280
NHS2-I3RO,Love,Melanesia,melp1238
NHS2-2BT6,Dance,Melanesia,loya1239
NHS2-SIPH,Lullaby,Melanesia,kwen1247
NHS2-KEES,Work,Melanesia,tang1348
NHS2-Y0IQ,Praise,Melanesia,tokp1240
NHS2-QE86,Story,Melanesia,vani1248
NHS2-P4RY,Healing,Melanesia,oloo1241
NHS2-K16P,Play,Melanesia,tiko1237
NHS2-6TYM,Story,Melanesia,tiko1237
NHS2-53YA,Dance,Micronesia,gilb1244
NHS2-O9IK,Healing,Micronesia,chuu1238
NHS2-SXIG,Love,Micronesia,chuu1238
NHS2-ZO18,Mourning,Micronesia,pala1344
NHS2-33X8,Play,Micronesia,ulit1238
NHS2-30HL,Procession,Micronesia,ulit1238
NHS2-IR7K,Story,Micronesia,ulit1238
NHS2-D16Y,Work,Micronesia,ulit1238
NHS2-O2X0,Work,Micronesia,ulit1238
NHS2-DNTO,Healing,Micronesia,wole1240
NHS2-8WO9,Healing,Micronesia,wole1240
NHS2-MZ0X,Healing,Micronesia,wole1240
NHS2-YWDM,Healing,Micronesia,wole1240
NHS2-RSUK,Love,Micronesia,wole1240
NHS2-JDU3,Love,Micronesia,wole1240
NHS2-945J,Love,Micronesia,wole1240
NHS2-T3VD,Love,Micronesia,wole1240
NHS2-XTVF,Mourning,Micronesia,wole1240
NHS2-85GU,Mourning,Micronesia,wole1240
NHS2-2EKA,Praise,Micronesia,pala1344
NHS2-FSVL,Praise,Micronesia,wole1240
NHS2-SI3B,Praise,Micronesia,wole1240
NHS2-YP5F,Praise,Micronesia,wole1240
NHS2-VAAN,Praise,Micronesia,wole1240
NHS2-UJC0,Praise,Micronesia,wole1240
NHS2-FSYR,Praise,Micronesia,wole1240
NHS2-NH07,Praise,Micronesia,wole1240
NHS2-EVMY,Praise,Micronesia,wole1240
NHS2-UO3R,Praise,Micronesia,wole1240
NHS2-PNXC,Praise,Micronesia,wole1240
NHS2-02B5,Story,Micronesia,wole1240
NHS2-HMPO,Story,Micronesia,wole1240
NHS2-3QA7,Story,Micronesia,wole1240
NHS2-JP5C,Story,Micronesia,wole1240
NHS2-IEJB,Story,Micronesia,wole1240
NHS2-G3FF,Mourning,Micronesia,wole1240
NHS2-W025,Story,Micronesia,wole1240
NHS2-6IWA,Story,Micronesia,yape1248
NHS2-YLEN,Dance,Micronesia,yape1248
NHS2-9Y4I,Dance,Micronesia,yape1248
NHS2-N13N,Healing,Micronesia,yape1248
NHS2-K2OH,Lullaby,Micronesia,yape1248
NHS2-SCB2,Procession,Micronesia,yape1248
NHS2-JCFF,Procession,Micronesia,yape1248
NHS2-5KU4,Dance,Micronesia,yape1248
NHS2-1SJM,Story,Micronesia,yape1248
NHS2-KOWN,Work,Micronesia,yape1248
NHS2-EZD1,Work,Micronesia,yape1248
NHS2-UDQJ,Praise,Micronesia,ulit1238
NHS2-0DSZ,Dance,Middle East,cent1972
NHS2-V3JT,Love,Middle East,cent1972
NHS2-SN80,Love,Middle East,cent1972
NHS2-X9YD,Love,Middle East,cent1972
NHS2-6LBX,Love,Middle East,cent1972
NHS2-YRRB,Love,Middle East,cent1972
NHS2-T8GK,Lullaby,Middle East,cent1972
NHS2-EAKC,Mourning,Middle East,cent1972
NHS2-V8Y5,Praise,Middle East,cent1972
NHS2-L75M,Work,Middle East,gulf1241
NHS2-XZS0,Procession,Middle East,hadr1236
NHS2-AMSU,Work,Middle East,hadr1236
NHS2-3ID0,Story,Middle East,maza1291
NHS2-LU0Q,Story,Middle East,nort2641
NHS2-XU3K,Mourning,Middle East,nort3139
NHS2-ZU2O,Mourning,Middle East,nort3139
NHS2-PSEZ,Healing,Middle East,turk1304
NHS2-GQVS,Love,Middle East,kurd1259
NHS2-VLYL,Story,North Asia,russ1263
NHS2-MQJA,Dance,North Asia,chuk1273
NHS2-2BQL,Dance,North Asia,chuk1273
NHS2-KEAW,Lullaby,North Asia,chuk1273
NHS2-V8VZ,Work,North Asia,chuk1273
NHS2-8HH5,Work,North Asia,chuk1273
NHS2-WKJ6,Dance,North Asia,even1259
NHS2-T4JD,Dance,North Asia,even1259
NHS2-3T3T,Healing,North Asia,even1259
NHS2-4NOR,Healing,North Asia,even1259
NHS2-BMTG,Lullaby,North Asia,gily1242
NHS2-84QJ,Lullaby,North Asia,gily1242
NHS2-FAYF,Work,North Asia,gily1242
NHS2-8HYJ,Dance,North Asia,kory1246
NHS2-2OZH,Healing,North Asia,nana1257
NHS2-5IXS,Lullaby,North Asia,nana1257
NHS2-8Z3Q,Story,North Asia,nana1257
NHS2-YH6E,Work,North Asia,nana1257
NHS2-RSPL,Lullaby,North Asia,nort2745
NHS2-1MJA,Dance,North Asia,russ1264
NHS2-AJ1X,Play,North Asia,russ1264
NHS2-YXHK,Love,North Asia,selk1253
NHS2-NE2L,Mourning,North Asia,yaku1245
NHS2-CLZB,Play,North Asia,yaku1245
NHS2-YVEE,Story,North Asia,yaku1245
NHS2-0878,Praise,Northern Africa,cent2194
NHS2-GN0J,Dance,Northern Africa,gour1247
NHS2-SLI8,Praise,Northern Africa,hass1238
NHS2-R3J7,Story,Northern Africa,hass1238
NHS2-W0KE,Love,Northern Africa,nubi1251
NHS2-6VND,Procession,Northern Africa,beja1238
NHS2-1IVN,Procession,Northern Africa,arab1395
NHS2-LXQB,Procession,Northern Africa,atla1275
NHS2-MQEX,Lullaby,Northern Africa,tuar1240
NHS2-PCMH,Mourning,Northern Africa,tuar1240
NHS2-IPN6,Love,Northern Africa,tama1365
NHS2-GGHC,Love,Northern Africa,tama1365
NHS2-CRJW,Healing,Northern Africa,tuni1259
NHS2-A6ZN,Story,Northern Mexico,cent2131
NHS2-DE8R,Dance,Northern Mexico,yaqu1251
NHS2-RH4A,Dance,Northern Mexico,elna1235
NHS2-3OER,Love,Northern Mexico,huic1243
NHS2-Z8Q6,Dance,Northern Mexico,mayo1264
NHS2-6WJ2,Healing,Northern Mexico,seri1257
NHS2-U27X,Lullaby,Northern Mexico,seri1257
NHS2-S33R,Procession,Northern Mexico,seri1257
NHS2-JL5D,Love,Northern Mexico,stan1288
NHS2-66UQ,Story,Northern Mexico,stan1288
NHS2-4MSG,Story,Northern Mexico,stan1288
NHS2-PKDR,Dance,Northern Mexico,yaqu1251
NHS2-P426,Work,Northwest Coast and California,tlin1245
NHS2-SIW1,Lullaby,Northwest Coast and California,nucl1649
NHS2-ELP3,Lullaby,Northwest Coast and California,haid1248
NHS2-OIRZ,Healing,Northwest Coast and California,kwak1269
NHS2-8TRZ,Healing,Northwest Coast and California,kwak1269
NHS2-8QBW,Love,Northwest Coast and California,kwak1269
NHS2-I0MN,Procession,Northwest Coast and California,kwak1269
NHS2-VX6K,Dance,Northwest Coast and California,nuuc1236
NHS2-T1CP,Dance,Northwest Coast and California,tlin1245
NHS2-765L,Healing,Northwestern South America,guan1269
NHS2-9K3U,Dance,Northwestern South America,choc1280
NHS2-ZRGY,Healing,Northwestern South America,ecua1248
NHS2-ZGKC,Healing,Northwestern South America,chac1249
NHS2-XJ7U,Healing,Northwestern South America,chac1249
NHS2-HMC7,Play,Northwestern South America,stan1288
NHS2-XHF3,Dance,Northwestern South America,arhu1242
NHS2-4KP9,Healing,Northwestern South America,arhu1242
NHS2-LQB9,Dance,Northwestern South America,chac1249
NHS2-405L,Healing,Northwestern South America,cogu1240
NHS2-TKZU,Love,Northwestern South America,cogu1240
NHS2-VN77,Mourning,Northwestern South America,amer1254
NHS2-FNOC,Mourning,Northwestern South America,amer1254
NHS2-0OA3,Work,Northwestern South America,piar1243
NHS2-1G5V,Healing,Northwestern South America,shua1257
NHS2-BJKN,Love,Northwestern South America,jiva1245
NHS2-YLXK,Love,Northwestern South America,jiva1245
NHS2-V8OE,Lullaby,Northwestern South America,shua1257
NHS2-3GZM,Dance,Northwestern South America,stan1288
NHS2-BCK7,Dance,Northwestern South America,stan1288
NHS2-Z96V,Lullaby,Northwestern South America,stan1288
NHS2-MSYE,Lullaby,Northwestern South America,stan1288
NHS2-ES3W,Mourning,Northwestern South America,stan1288
NHS2-DW2U,Story,Northwestern South America,stan1288
NHS2-6B0V,Play,Northwestern South America,stan1288
NHS2-EXGU,Play,Northwestern South America,stan1288
NHS2-2YCF,Play,Northwestern South America,stan1288
NHS2-K4KN,Play,Northwestern South America,stan1288
NHS2-VP4E,Procession,Northwestern South America,stan1288
NHS2-HMFN,Story,Northwestern South America,waor1240
NHS2-2QZ5,Lullaby,Northwestern South America,wayu1243
NHS2-5BUU,Praise,Northwestern South America,stan1288
NHS2-KTHL,Play,Plains and Plateau,chey1247
NHS2-QU3B,Dance,Plains and Plateau,cree1272
NHS2-9BBL,Healing,Plains and Plateau,lako1247
NHS2-LFIO,Praise,Plains and Plateau,dako1258
NHS2-NODK,Healing,Plains and Plateau,kali1308
NHS2-56ZE,Love,Plains and Plateau,kali1308
NHS2-EVGH,Lullaby,Plains and Plateau,kali1308
NHS2-IPO1,Lullaby,Plains and Plateau,kiow1264
NHS2-WY88,Healing,Plains and Plateau,pawn1254
NHS2-EYBO,Love,Plains and Plateau,pawn1254
NHS2-KBLR,Story,Plains and Plateau,pawn1254
NHS2-8SSJ,Dance,Plains and Plateau,siks1238
NHS2-BX0P,Healing,Plains and Plateau,pieg1239
NHS2-JC95,Lullaby,Plains and Plateau,siks1238
NHS2-UDIY,Play,Polynesia,fiji1243
NHS2-9GA2,Dance,Polynesia,hawa1245
NHS2-EXN7,Healing,Polynesia,hawa1245
NHS2-PS37,Love,Polynesia,hawa1245
NHS2-QX2Q,Love,Polynesia,maor1246
NHS2-79XK,Love,Polynesia,maor1246
NHS2-LDPM,Love,Polynesia,maor1246
NHS2-MW5F,Love,Polynesia,maor1246
NHS2-VQLP,Love,Polynesia,maor1246
NHS2-CYTF,Love,Polynesia,maor1246
NHS2-VI5Q,Love,Polynesia,maor1246
NHS2-ZEU0,Lullaby,Polynesia,maor1246
NHS2-LT6Y,Lullaby,Polynesia,maor1246
NHS2-G3HZ,Lullaby,Polynesia,maor1246
NHS2-MEUM,Lullaby,Polynesia,maor1246
NHS2-L4AU,Mourning,Polynesia,maor1246
NHS2-5XFO,Mourning,Polynesia,maor1246
NHS2-NVVR,Mourning,Polynesia,maor1246
NHS2-0KOG,Mourning,Polynesia,maor1246
NHS2-RU8O,Mourning,Polynesia,maor1246
NHS2-5NE5,Story,Polynesia,raro1242
NHS2-VDT8,Story,Polynesia,raro1241
NHS2-BGQZ,Work,Polynesia,maor1246
NHS2-3JUS,Work,Polynesia,maor1246
NHS2-863N,Work,Polynesia,maor1246
NHS2-KVWI,Work,Polynesia,maor1246
NHS2-K9E6,Play,Polynesia,niue1239
NHS2-VIBU,Praise,Polynesia,niue1239
NHS2-GKCY,Play,Polynesia,sout2866
NHS2-IVGT,Play,Polynesia,sout2866
NHS2-6NC7,Play,Polynesia,sout2866
NHS2-8NAB,Procession,Polynesia,sout2866
NHS2-JRP2,Healing,Polynesia,samo1305
NHS2-R06P,Lullaby,Polynesia,samo1305
NHS2-5NO3,Lullaby,Polynesia,samo1305
NHS2-8QYQ,Lullaby,Polynesia,samo1305
NHS2-4RW7,Lullaby,Polynesia,samo1305
NHS2-CP78,Lullaby,Polynesia,samo1305
NHS2-RP29,Lullaby,Polynesia,samo1305
NHS2-V2UK,Play,Polynesia,samo1305
NHS2-445H,Praise,Polynesia,samo1305
NHS2-1BBL,Praise,Polynesia,samo1305
NHS2-VRUD,Praise,Polynesia,samo1305
NHS2-18X6,Dance,Polynesia,samo1305
NHS2-KIYM,Dance,Polynesia,tiko1237
NHS2-JQTW,Dance,Polynesia,tiko1237
NHS2-DHAP,Mourning,Polynesia,tiko1237
NHS2-MG6Y,Dance,Polynesia,tong1325
NHS2-VXRD,Mourning,Polynesia,tong1325
NHS2-DTDM,Play,Polynesia,tong1325
NHS2-QJ8L,Play,Polynesia,tong1325
NHS2-VZGV,Play,Polynesia,tong1325
NHS2-46KG,Lullaby,Scandinavia,dani1285
NHS2-BX30,Praise,Scandinavia,dani1285
NHS2-VBO3,Love,Scandinavia,finn1318
NHS2-AIGL,Mourning,Scandinavia,finn1318
NHS2-TLT0,Lullaby,Scandinavia,icel1247
NHS2-56NT,Story,Scandinavia,icel1247
NHS2-YQ2F,Praise,Scandinavia,icel1247
NHS2-CP41,Love,Scandinavia,kemi1239
NHS2-M2GB,Dance,Scandinavia,norw1258
NHS2-NOHR,Lullaby,Scandinavia,norw1258
NHS2-YJ7K,Lullaby,Scandinavia,norw1258
NHS2-GT5R,Lullaby,Scandinavia,norw1258
NHS2-KLEM,Mourning,Scandinavia,norw1258
NHS2-AN4C,Story,Scandinavia,norw1258
NHS2-W3XP,Work,Scandinavia,norw1258
NHS2-Q6FQ,Lullaby,Scandinavia,saam1281
NHS2-PASM,Dance,Scandinavia,sout2674
NHS2-R1O0,Dance,Scandinavia,swed1254
NHS2-NYZE,Love,Scandinavia,swed1254
NHS2-HJD6,Play,Scandinavia,swed1254
NHS2-X9CV,Love,South Asia,anga1288
NHS2-CVSK,Love,South Asia,beng1280
NHS2-VMFK,Story,South Asia,beng1280
NHS2-AGU1,Work,South Asia,beng1280
NHS2-ZMI9,Work,South Asia,beng1280
NHS2-330H,Healing,South Asia,bhoj1244
NHS2-1MOO,Story,South Asia,bhoj1244
NHS2-XMW2,Story,South Asia,bhoj1244
NHS2-YWOB,Work,South Asia,hind1269
NHS2-FSD4,Love,South Asia,oriy1255
NHS2-EMO1,Love,South Asia,buru1296
NHS2-3LYX,Love,South Asia,pash1269
NHS2-IPF3,Love,South Asia,chak1266
NHS2-S7VB,Lullaby,South Asia,chak1266
NHS2-AQU5,Story,South Asia,chak1266
NHS2-G0G2,Dance,South Asia,garo1247
NHS2-6CUN,Story,South Asia,hind1269
NHS2-79FC,Story,South Asia,jaun1243
NHS2-SG98,Dance,South Asia,kach1277
NHS2-GN1C,Dance,South Asia,guja1252
NHS2-QUO9,Praise,South Asia,tawa1289
NHS2-5HCI,Praise,South Asia,kota1263
NHS2-6UVI,Dance,South Asia,maha1287
NHS2-ZP5P,Love,South Asia,hima1250
NHS2-P77G,Dance,South Asia,mala1464
NHS2-JOI6,Love,South Asia,mala1464
NHS2-TFPI,Praise,South Asia,mala1464
NHS2-BJS2,Story,South Asia,mala1464
NHS2-F36Z,Story,South Asia,mala1464
NHS2-B0XT,Dance,South Asia,mala1464
NHS2-1VEN,Dance,South Asia,meit1246
NHS2-9Y3G,Praise,South Asia,meit1246
NHS2-BNQV,Lullaby,South Asia,mara1378
NHS2-5ETJ,Love,South Asia,muri1262
NHS2-USTD,Love,South Asia,nepa1254
NHS2-RDF4,Story,South Asia,pash1269
NHS2-7RR9,Lullaby,South Asia,tami1289
NHS2-AFQQ,Dance,South Asia,sora1254
NHS2-LYTO,Story,South Asia,sora1254
NHS2-AXMQ,Healing,South Asia,sora1254
NHS2-55W8,Praise,South Asia,sora1254
NHS2-L9OE,Praise,South Asia,sora1254
NHS2-J22Q,Story,South Asia,sora1254
NHS2-WXJ5,Work,South Asia,sora1254
NHS2-HHEG,Praise,South Asia,sera1259
NHS2-DKIW,Story,South Asia,sera1259
NHS2-8XAP,Lullaby,South Asia,tami1289
NHS2-OX4P,Mourning,South Asia,tami1289
NHS2-LG9Y,Mourning,South Asia,tami1289
NHS2-4B7D,Story,South Asia,telu1262
NHS2-J76G,Work,South Asia,drav1251
NHS2-UPEJ,Work,South Asia,drav1251
NHS2-TFXV,Procession,South Asia,toda1252
NHS2-DSTK,Love,South Asia,west2386
NHS2-1EJJ,Love,South Asia,west2386
NHS2-XBJ8,Play,South Asia,guja1252
NHS2-19VX,Love,South Asia,hind1269
NHS2-J94J,Mourning,Southeast Asia,eipo1242
NHS2-JWTI,Love,Southeast Asia,bali1278
NHS2-8D26,Love,Southeast Asia,pala1354
NHS2-LQEP,Story,Southeast Asia,pala1354
NHS2-UYWH,Mourning,Southeast Asia,eipo1242
NHS2-8LLJ,Lullaby,Southeast Asia,hanu1241
NHS2-LA7I,Lullaby,Southeast Asia,indo1316
NHS2-1D5A,Love,Southeast Asia,indo1317
NHS2-JYNI,Procession,Southeast Asia,iumi1238
NHS2-RHD1,Play,Southeast Asia,java1254
NHS2-Q655,Story,Southeast Asia,jeha1242
NHS2-A1WC,Procession,Southeast Asia,kamb1320
NHS2-MTQX,Work,Southeast Asia,kamb1320
NHS2-9GQR,Work,Southeast Asia,kamb1320
NHS2-D04O,Work,Southeast Asia,kamb1320
NHS2-NRZX,Love,Southeast Asia,kela1258
NHS2-13QA,Mourning,Southeast Asia,kema1243
NHS2-CJRT,Procession,Southeast Asia,kema1243
NHS2-9W4T,Story,Southeast Asia,kema1243
NHS2-8QLU,Work,Southeast Asia,kohi1250
NHS2-P32P,Lullaby,Southeast Asia,laoo1244
NHS2-I79R,Story,Southeast Asia,laoo1244
NHS2-XIJR,Work,Southeast Asia,lioo1240
NHS2-0BSK,Love,Southeast Asia,magu1243
NHS2-K4B7,Love,Southeast Asia,magu1243
NHS2-51BM,Lullaby,Southeast Asia,magu1243
NHS2-VGRT,Lullaby,Southeast Asia,magu1243
NHS2-TN8J,Story,Southeast Asia,magu1243
NHS2-VEE7,Dance,Southeast Asia,maka1311
NHS2-SNG1,Healing,Southeast Asia,jamb1236
NHS2-TXC2,Procession,Southeast Asia,mang1405
NHS2-V2MG,Story,Southeast Asia,mina1268
NHS2-G8EZ,Story,Southeast Asia,mina1268
NHS2-GP6X,Mourning,Southeast Asia,nias1242
NHS2-1GVP,Praise,Southeast Asia,nucl1310
NHS2-4KKI,Healing,Southeast Asia,sout2922
NHS2-BHB2,Dance,Southeast Asia,sout3184
NHS2-KFAU,Healing,Southeast Asia,temi1246
NHS2-RJC6,Healing,Southeast Asia,temi1246
NHS2-T018,Lullaby,Southeast Asia,viet1252
NHS2-ET5D,Work,Southeast Asia,viet1252
NHS2-GSNT,Healing,Southeast Asia,eipo1242
NHS2-G9MC,Work,Southeast Asia,hanu1241
NHS2-Y7FV,Dance,Southeast Asia,indo1316
NHS2-UOFC,Dance,Southeastern Europe,arom1237
NHS2-MKSQ,Procession,Southeastern Europe,arom1237
NHS2-WJTO,Procession,Southeastern Europe,arom1237
NHS2-P42P,Dance,Southeastern Europe,bulg1262
NHS2-IMHK,Dance,Southeastern Europe,bulg1262
NHS2-HT2F,Mourning,Southeastern Europe,bulg1262
NHS2-8IBT,Praise,Southeastern Europe,bulg1262
NHS2-3SLN,Procession,Southeastern Europe,bulg1262
NHS2-6HA2,Story,Southeastern Europe,bulg1262
NHS2-MOYD,Procession,Southeastern Europe,bulg1262
NHS2-0R25,Story,Southeastern Europe,bulg1262
NHS2-CG2V,Story,Southeastern Europe,bulg1262
NHS2-11ZR,Story,Southeastern Europe,bulg1262
NHS2-5WIE,Work,Southeastern Europe,bulg1262
NHS2-JLQ7,Work,Southeastern Europe,bulg1262
NHS2-T05D,Work,Southeastern Europe,bulg1262
NHS2-JIPH,Work,Southeastern Europe,bulg1262
NHS2-FUK5,Dance,Southeastern Europe,mace1250
NHS2-F3H4,Love,Southeastern Europe,mode1248
NHS2-ROQE,Dance,Southeastern Europe,mode1248
NHS2-S58Q,Dance,Southeastern Europe,mode1248
NHS2-E0EF,Lullaby,Southeastern Europe,mode1248
NHS2-TRIT,Story,Southeastern Europe,mode1248
NHS2-SIVT,Dance,Southeastern Europe,nucl1301
NHS2-HOCY,Dance,Southeastern Europe,roma1327
NHS2-YG87,Mourning,Southeastern Europe,roma1327
NHS2-ALI7,Mourning,Southeastern Europe,roma1327
NHS2-M2TH,Mourning,Southeastern Europe,roma1327
NHS2-4KE5,Mourning,Southeastern Europe,roma1327
NHS2-SDPZ,Story,Southeastern Europe,roma1327
NHS2-CY4T,Play,Southeastern Europe,slov1268
NHS2-9F2W,Dance,Southeastern Europe,serb1264
NHS2-6C8Y,Love,Southeastern Europe,croa1245
NHS2-FSAQ,Love,Southeastern Europe,serb1264
NHS2-IED2,Lullaby,Southeastern Europe,bosn1245
NHS2-7H7E,Mourning,Southeastern Europe,serb1264
NHS2-ZHRT,Procession,Southeastern Europe,serb1264
NHS2-78JU,Procession,Southeastern Europe,serb1264
NHS2-KPUS,Work,Southeastern Europe,serb1264
NHS2-CV77,Procession,Southeastern Europe,croa1245
NHS2-DN12,Lullaby,Southeastern Europe,gheg1238
NHS2-T6S8,Praise,Southeastern Europe,tosk1239
NHS2-W62P,Praise,Southeastern Europe,tosk1239
NHS2-8MOZ,Lullaby,Southeastern Europe,alba1267
NHS2-EG2U,Praise,Southeastern Europe,alba1267
NHS2-18M3,Lullaby,Southern Africa,nsen1242
NHS2-FIKU,Healing,Southern Africa,dama1270
NHS2-D3XG,Praise,Southern Africa,anta1255
NHS2-5T4A,Love,Southern Africa,aush1241
NHS2-GDCE,Healing,Southern Africa,lund1266
NHS2-XP8A,Play,Southern Africa,bemb1257
NHS2-979H,Mourning,Southern Africa,chok1245
NHS2-AQF0,Praise,Southern Africa,here1253
NHS2-UZLM,Healing,Southern Africa,juho1239
NHS2-LS5V,Lullaby,Southern Africa,kara1484
NHS2-L84K,Mourning,Southern Africa,lala1264
NHS2-I4V5,Dance,Southern Africa,lozi1239
NHS2-MC84,Dance,Southern Africa,maha1309
NHS2-WFE1,Healing,Southern Africa,mbuk1240
NHS2-PEN8,Lullaby,Southern Africa,nama1264
NHS2-OBH8,Healing,Southern Africa,naro1249
NHS2-HKI9,Healing,Southern Africa,tshw1239
NHS2-JFOZ,Healing,Southern Africa,naro1249
NHS2-NI78,Mourning,Southern Africa,ngon1269
NHS2-TW9J,Love,Southern Africa,ndon1254
NHS2-K1GM,Dance,Southern Africa,seng1277
NHS2-RCVU,Procession,Southern Africa,nort2795
NHS2-XAH8,Mourning,Southern Africa,nsen1242
NHS2-R269,Work,Southern Africa,nsen1242
NHS2-7XBW,Lullaby,Southern Africa,nyan1308
NHS2-KR0Z,Mourning,Southern Africa,nsen1242
NHS2-Y6R3,Play,Southern Africa,nyan1308
NHS2-I71D,Procession,Southern Africa,nyan1308
NHS2-Z6NC,Lullaby,Southern Africa,nort3233
NHS2-EOAH,Story,Southern Africa,duma1252
NHS2-SCTO,Work,Southern Africa,zezu1238
NHS2-UJ4Z,Lullaby,Southern Africa,sout2807
NHS2-ZRPA,Work,Southern Africa,sout2807
NHS2-TFM3,Lullaby,Southern Africa,swat1243
NHS2-8FCW,Work,Southern Africa,tson1249
NHS2-C5L4,Play,Southern Africa,tswa1253
NHS2-3IQ4,Play,Southern Africa,tswa1253
NHS2-NPYD,Praise,Southern Africa,tswa1253
NHS2-56CF,Praise,Southern Africa,tswa1253
NHS2-T2OE,Play,Southern Africa,tumb1250
NHS2-H187,Story,Southern Africa,tumb1250
NHS2-WO9S,Play,Southern Africa,vend1245
NHS2-UO2B,Play,Southern Africa,vend1245
NHS2-JJPZ,Story,Southern Africa,vend1245
NHS2-NI7X,Dance,Southern Africa,xhos1239
NHS2-4BXQ,Love,Southern Africa,xhos1239
NHS2-8LF0,Love,Southern Africa,xhos1239
NHS2-59RG,Lullaby,Southern Africa,xhos1239
NHS2-PN13,Lullaby,Southern Africa,xhos1239
NHS2-UPIC,Praise,Southern Africa,xhos1239
NHS2-0Q6G,Praise,Southern Africa,xhos1239
NHS2-UELN,Procession,Southern Africa,xhos1239
NHS2-6JVA,Work,Southern Africa,xhos1239
NHS2-42U2,Lullaby,Southern Africa,yaoo1241
NHS2-UF4Y,Love,Southern Africa,zulu1248
NHS2-IO1X,Love,Southern Africa,zulu1248
NHS2-60WA,Love,Southern Africa,zulu1248
NHS2-KAEC,Lullaby,Southern Africa,zulu1248
NHS2-4MJ7,Work,Southern Europe,cala1254
NHS2-7CEW,Dance,Southern Europe,napo1241
NHS2-GNQV,Lullaby,Southern Europe,piem1238
NHS2-W3SC,Praise,Southern Europe,emil1243
NHS2-GBI2,Mourning,Southern Europe,port1283
NHS2-R4RL,Praise,Southern Europe,port1283
NHS2-ERIP,Procession,Southern Europe,port1283
NHS2-0CKA,Work,Southern Europe,port1283
NHS2-6BT9,Love,Southern Europe,sard1257
NHS2-0ZIH,Love,Southern Europe,sard1257
NHS2-AOJA,Love,Southern Europe,sard1257
NHS2-JGOO,Praise,Southern Europe,sici1248
NHS2-XRSU,Play,Southern Europe,stan1288
NHS2-XC4A,Play,Southern Europe,stan1288
NHS2-NQLQ,Play,Southern Europe,stan1288
NHS2-DGOE,Love,Southern South America,mapu1245
NHS2-GAOV,Dance,Southern South America,onaa1245
NHS2-GL6J,Healing,Southern South America,onaa1245
NHS2-SPEE,Lullaby,Southern South America,onaa1245
NHS2-9HLO,Mourning,Southern South America,onaa1245
NHS2-IZJ7,Mourning,Southern South America,onaa1245
NHS2-B94G,Mourning,Southern South America,onaa1245
NHS2-HWFE,Mourning,Southern South America,onaa1245
NHS2-VDWK,Love,Southern South America,qawa1238
NHS2-1DCV,Love,Southern South America,qawa1238
NHS2-1I26,Lullaby,Southern South America,qawa1238
NHS2-DI16,Play,Southern South America,qawa1238
NHS2-ZONP,Play,Southern South America,qawa1238
NHS2-AEWX,Praise,Southern South America,sout2996
NHS2-CCP4,Praise,Southern South America,sout2996
NHS2-S48T,Procession,Southern South America,sout2996
NHS2-085Q,Procession,Southern South America,sout2996
NHS2-5B0Y,Dance,Southern South America,stan1288
NHS2-FG2C,Lullaby,Southern South America,stan1288
NHS2-V0ZT,Dance,Southern South America,mata1291
NHS2-ZLK3,Dance,Southern South America,mata1291
NHS2-6IKY,Healing,Southern South America,wich1262
NHS2-KESR,Mourning,Southern South America,wich1262
NHS2-PJDT,Mourning,Southern South America,wich1262
NHS2-WAGM,Story,Southern South America,qawa1238
NHS2-PLYB,Mourning,Southwest and Basin,hava1248
NHS2-4EAD,Dance,Southwest and Basin,hopi1249
NHS2-E5T5,Lullaby,Southwest and Basin,hopi1249
NHS2-MQZS,Dance,Southwest and Basin,hopi1249
NHS2-3RY9,Work,Southwest and Basin,huic1243
NHS2-66IN,Dance,Southwest and Basin,kere1287
NHS2-XGAI,Dance,Southwest and Basin,kere1287
NHS2-J5AX,Praise,Southwest and Basin,kiow1266
NHS2-BHQB,Lullaby,Plains,kiow1266
NHS2-8J4L,Healing,Southwest and Basin,quec1382
NHS2-9BBS,Lullaby,Caribbean,stan1288
NHS2-4N10,Play,Central Mexico,stan1288
NHS2-YURR,Play,Central Mexico,stan1288
NHS2-6RXG,Play,Central Mexico,stan1288
NHS2-IY3T,Play,Southwest and Basin,stan1288
NHS2-2NZO,Praise,Southwest and Basin,tewa1260
NHS2-44DS,Dance,Southwest and Basin,toho1245
NHS2-0DNB,Dance,Southwest and Basin,toho1245
NHS2-5W94,Story,Southwest and Basin,toho1245
NHS2-WZ7J,Story,Southwest and Basin,toho1245
NHS2-K39B,Story,Southwest and Basin,toho1245
NHS2-RSEC,Lullaby,Southwest and Basin,zuni1245
NHS2-3MPW,Dance,Southwest and Basin,zuni1245
NHS2-9YBX,Dance,Western Africa,akan1250
NHS2-XRSS,Healing,Western Africa,baou1238
NHS2-NFZO,Mourning,Western Africa,akan1250
NHS2-I3W7,Lullaby,Central Africa,bafu1246
NHS2-NS9J,Praise,Western Africa,bulu1251
NHS2-M2W6,Praise,Western Africa,bulu1251
NHS2-5NN8,Story,Western Africa,bulu1251
NHS2-RVXZ,Work,Western Africa,bulu1251
NHS2-OXV1,Love,Western Africa,cent2018
NHS2-1K35,Work,Central Africa,duma1253
NHS2-08KZ,Work,Central Africa,duma1253
NHS2-QAHO,Dance,Western Africa,ewee1241
NHS2-914A,Praise,Western Africa,jola1263
NHS2-M6X4,Procession,Western Africa,jola1263
NHS2-2UTZ,Work,Western Africa,jola1263
NHS2-SGKE,Praise,Western Africa,nucl1347
NHS2-X86V,Lullaby,Western Africa,tama1365
NHS2-06LY,Work,Central Africa,wuzl1236
NHS2-6ZL9,Dance,Western Europe,basq1248
NHS2-733A,Love,Western Europe,basq1248
NHS2-E2SX,Love,Western Europe,basq1248
NHS2-TBBB,Lullaby,Western Europe,basq1248
NHS2-YLV9,Praise,Western Europe,basq1248
NHS2-J2V9,Praise,Western Europe,basq1248
NHS2-MF7G,Story,Western Europe,dutc1256
NHS2-WGYL,Work,Western Europe,dutc1256
NHS2-LFJR,Story,Western Europe,dutc1256
NHS2-ZAHV,Lullaby,Western Europe,dutc1256
NHS2-R21G,Story,Western Europe,dutc1256
NHS2-QNJC,Story,Western Europe,dutc1256
NHS2-KG5I,Story,Western Europe,dutc1256
NHS2-OAVX,Story,Western Europe,dutc1256
NHS2-RHJB,Story,Western Europe,dutc1256
NHS2-EOJ6,Story,Western Europe,dutc1256
NHS2-SJTH,Story,Western Europe,dutc1256
NHS2-U14O,Love,Western Europe,stan1295
NHS2-V3L7,Dance,Western Europe,auve1239
NHS2-KH0L,Dance,Western Europe,auve1239
NHS2-JDTL,Lullaby,Western Europe,stan1290
NHS2-OU7B,Lullaby,Western Europe,stan1290
NHS2-ZJ3C,Procession,Western Europe,stan1290
NHS2-2PWX,Work,Western Europe,berr1239
NHS2-VP4X,Dance,Western Europe,wall1255